"material";"asgrp";"brand";"matcateg";"matdirec";"txt"
"128047";"000004104";"15152";У;"34";Восстановление картриджа HP 12A Q2612A <Нижний Новгород
"177415";"000002261";"11805";H;"30";Тендер Журнал складского учета материалов 130070/КУ-522
"219595";"000002261";"11805";H;"30";Тендер Жалюзи вертикальные 6,4 м, 2 окна, каб. 709
"248819";"000000996";"21128";H;"18";Папка для тетрадей №1School,Феррари красная,А5,молния вокруг
"294075";"000001580";"13633";H;"35";Вешалка 7399СМ3 Набор из 3-х вешалок с картинкой СМЕШАРИКИ
"333636";"000002261";"11805";H;"30";Тендер Пурифайер Ecotronic B20-U4L
"373043";"000000137";"13284";H;"06";Ноутбук Lenovo IdeaPad G710 (59397886) 17,3/i3-4000/4/500/G720/W8
"413697";"000004029";"15384";H;"35";Конфеты Для дрессировки мужчин Орз-0253
"450444";"000001722";"12120";H;"35";Платформа изогнутая большая Big Curved Adhesive, AEE, арт. М08
"467658";"000002261";"13633";H;"30";Тендер Зубной порошок Особый, 55гр.
"493448";"000002261";"13633";H;"30";Тендер Бумага креп. 50*250см. Альт Цветная желтая
"514311";"000002254";"12434";H;"48";Вино д'Аренберг Стамп Джамп Лайтли Вудид Шардонне бел. Сух. 0,75
"530778";"000002094";"13633";U;"43";Экструз пр-во BOPS Пленка BOPS (760х250) прозрачная 1,8 ОФ (1BS)
"535010";"000002432";"11805";U;"50";Термоформ. пр-во Емкость СМ-450 (0RM)
"607842";"000000957";"13633";H;"18";Литература Атлас + К/К + зад. История России 20 -начало 21вв, 9кл 71659
"617507";"000000618";"11805";С;"08";Сервис ED Форум/Статус/Консул Крышка Фр-6.0 дуб мол. В1945
"637541";"000003480";"13446";H;"70";Домкрат гидравлический бутылочный 5т 216-413мм в пласт кейсе MATRIX (50756)
"688000";"000001094";"13633";H;"22";Спец.одежда летняя с лог Костюм м л15-КПК ср/чрн к/пк 56-58 182-188 96606-9
"705613";"000000954";"13633";С;"17";Сырье д/произ-ва Бумага облож СКБМ ф. 72см 80г цвет 8,2 зелен
"712092";"000003169";"14283";H;"72";Ручка капиллярная STABILO Point88, цвет голубой 88/31
"731309";"000003906";"14140";H;"06";Жесткий диск SSD 2.5 250 Gb Samsung/MZ-75E250BW
"760538";"000000214";"11835";И;"07";Клавиатура A4 KD-600L черный USB Multimedia LED
"772041";"000001093";"13633";H;"22";Спец.одежда летняя с лог Костюм муж л20-КБР сер/кр 56-58 182-188 102627-3
"775519";"000003553";"20938";H;"16";Подарки акций Стакан однораз. для хол/гор, 200 мл, бел., 100шт/уп (145594)
"801813";"000001616";"13776";H;"35";Записная книжка Paperblanks Mahogany Midi лин.130x180мм,144с.PB4421-5
"831317";"000002238";"15088";И;"46";Тонер-картридж черный TK-8525K для TASKalfa 4052ci
"841839";"000001085";"13633";H;"22";Спец.одежда зимняя с лог Костюм з02-КБР черн/сер 48-50 158-164 108240-1
"863186";"000000299";"11805";H;"08";Тендер Корпус тумбы PT_Арго АТ-07 ясень шимо
"879645";"000003176";"14283";D;"72";Ручка шариковая STABILO Liner F 808/41 0,38мм, синий
"886798";"000001258";"11805";H;"24";xИнд.заказ 110956-4 Табличка металлическая 4
"912503";"000003791";"13959";H;"06";Кабель REXANT /18-1007/ RJ-45вилка-RJ-45вилка, 5м(80088663)
"943996";"000000781";"26973";H;"13";Гирлянда Бахрома 4,8х0,6м,с мерц-ем,Белый ПВХ,176 Тёплых диодов 255-166
"973410";"000001102";"13633";H;"22";Халат рабочий Профессионал-1/у19-ХЛ вас/сер с лого(56-58)170-176
"1017079";"000004156";"31067";H;"35";Качалка Лошадка красная арт.167000072
"1033320";"000004607";"13633";П;"58";Наконечник штыревой втулочный изолированный НШвИ 0.75-8 (100 шт.в упак)
"1095465";"000004666";"14010";И;"66";Опция Ricoh Adobe PostScript3 тип M37 IM C2000-C6000 (418407)
"1096614";"000004113";"13633";D;"13";Лента для медалей 30 мм цвет Росиия сублимация  LN87
"1099985";"000001021";"13196";D;"18";Папка для рисования акварелью Kroyter А4,20л,блок 160гр  Джунгли 00050
"1112670";"000001026";"13633";П;"22";Сабо ЭВА (601/02М) р.45
"1116704";"000002866";"13633";H;"64";Термотрансферные этикетки полуглянец 101,6х50,8мм,вт.40,1000 шт/рул
"1160542";"000000195";"27317";S;"07";Чехол iBox Crystal фиолетовый (УТ000019762) для Huawei Honor 8A
"1208842";"000005004";"13633";П;"08";Мебель Аргентум Модуль двойной универсальный НТМП.ПО.Б2-120Эбел/бел
"1237444";"000002829";"13474";П;"63";Кофемашина Melitta Caffeo F 570-101 Varianza CSP 1450Вт серебристый Екат
"1242530";"000001258";"11805";S;"24";xИнд.заказ 132104-1 (Б) Рамка индивидуальная 1
"1333131";"000000871";"31858";D;"14";Кофе STARBUCKS Pike Place Roast в зернах, средняя обжарка, 200г
"1390252";"000004566";"13633";S;"68";Табличка знак Телефон для использования при пожаре F05 (200х200мм, Пластик)
"1390773";"000000394";"11805";С;"08";Сервис BN_Y_EChair-711 TPU Ролики
"1392835";"000002783";"40721";И;"62";Плед Cleo КАЛИФОРНИЯ велсофт полуторный 150x200 150/173-pf
"1404592";"000001226";"12935";V;"15";Уценка Головка печатающая HP (C) 72 C9383A пурп./гол. для DgnJ T610/T1100
"286890";"000000609";"13633";D;"08";Шкаф для сумок N_ШМ-12КХ-С, 12 ячеек, оргстекло 898х500х1862
"354172";"000002413";"13633";H;"50";Форм. пр-во давальч. Крышка 115х19 (Ю) (1000шт./уп)
"377970";"000002261";"11805";H;"30";Тендер Пленка Brother TZ-FX251 д/наклеек эластич,24х8мм д/RT-2430PC
"391973";"000002261";"11805";H;"30";Тендер Резинка банковская Erich Krause. D-80мм 100г.
"439153";"000002261";"11805";H;"30";Краска /73347/ ПФ-115 черная TURY 12кг
"451535";"000002402";"13633";H;"45";Пазл Кубик-развивайка.Птицы
"468152";"000004017";"14473";H;"35";Рамка Fotobrick
"546194";"000000292";"13633";H;"08";Мебель для гостиниц MON_Премьер Шкаф для одежды ГМ26 ш.темн/светл Салон Спб
"551827";"000003416";"14289";H;"63";Мини-печь Steba KB 23
"553643";"000004104";"15152";H;"34";Восст.работоспособности НР СЕ390А + чип <Челябинск>
"600969";"000002831";"12171";H;"63";Кофемашина Bosch Tassimo TAS4014EE
"610703";"000003902";"25260";H;"06";Блок питания Seasonic 500W SS-500ES 80+ bronze (20+4pin) APFC 4xSATA_M_K
"751429";"000002261";"11805";H;"30";Доп.заказ Строительные гвозди КРЕП-КОМП 4х100 черные ГОСТ 4028-63 5кг
"778212";"000000780";"13633";H;"13";Электрогирлянда со светодиодами 2 м 10 led тепл. бел., 857-001
"802147";"000000756";"11999";H;"11";Папка на 2-х О-кольцах Attache ПАНОРАМА 35мм
"804250";"000004104";"15152";У;"34";Восстановление картриджа HP 312A CF380A (Партнер 378529 ИФЗ) <СПб
"856590";"000000618";"11805";С;"08";Сервис SH_Вегас 838711 Стенка задняя S75-01.F1 Орех Ренуар
"857139";"000001249";"15397";Q;"18";Фартук Ф 4-1 Ассорти тонкий 55359, 55399, 54664, 54259
"880733";"000003261";"28269";H;"76";Пакет бумажный Магнит 115x45x740 (45П),3 цвета
"892839";"000001093";"13633";H;"22";Спец.одежда летняя с лог Костюм ж л12-КБР син/красн 44-46 158-164 111428-6
"907954";"000004254";"11805";H;"42";Дезинфицирующее средство для кондиционеров, 500 мл Bon BN-153
"908743";"000000587";"13633";H;"08";СпецМеб_0MX_S /ЗД-126250/ Горизонтальные жалюзи 0225 белый 0.63x1.45
"954949";"000004666";"13181";H;"66";Сетевая карта Konica-Minolta NC-504 (A4M3WY6)
"1035147";"000000693";"11805";H;"10";Штамп ТЦ Рубин PR55 макет 25160
"1036852";"000002353";"13633";R;"35";Манишка спортивная (сетка) жел 196487
"1080087";"000000643";"12162";П;"09";Увлажнитель воздуха Boneco S450, (горячий пар) цвет: черный/black
"1082832";"000005078";"13633";R;"52";Очки солнцезащитные Sun ray, клас. Синий 10034501
"1096383";"000003471";"12026";H;"67";Телевизор BBK 39LEM-1045/T2C, Ект + Члб лок. артикул
"1121880";"000003471";"14140";H;"67";Телевизор Samsung HG32EJ470
"1136056";"000002058";"11805";H;"42";Стекло предметное CП-7102,26х76мм,1мм б/о
"1140422";"000003429";"13823";H;"63";Машинка для снятия катышков Philips GC026/00 голубой
"1147234";"000004392";"35256";H;"60";Шлюз VoIP-FXS Yeastar TA810
"1177162";"000004849";"12594";K;"06";ПО ESET NOD32 Antivirus Business Edition new 93 users NOD32-NBE-NS-1-93
"1189925";"000002750";"13768";H;"60";Телефон Dect Panasonic KX-TG1612RU1 темно-сер/бел(KX-TG1612RU1)
"1265577";"000000761";"37659";В;"13";Елка новогодняя декоративная 1,0м (белая с серебром) 0610б
"1270332";"000002508";"13633";П;"52";Маска для сна Avocado, 3429139
"1283080";"000001061";"13633";В;"22";Перчатки из хлопка Классик, L, черные, 5 пар./уп., 002
"1316575";"000003261";"26223";И;"76";Пакет бум. №5 жел.ВПМ беж. 52г/м2 220x150x70 окно 140мм С/Л С/П Е
"1346098";"000000553";"26870";П;"09";Сплит-система Royal Clima  Inverter RCI-RN40HN (из 2 частей)
"1388193";"000004914";"12930";Б;"93";Электровелосипед HIPER Engine BX635 Space Gray, 350Вт/36В, 432 Втч (12 Ач)
"1388566";"000005117";"13963";S;"63";Диск терка ROBOT COUPE 27577 2ММ
"1391672";"000003176";"14796";L;"72";Ручка PrimeWrite. Хоккей. Паттерн на мас. осн., 0.7 ММ, син. 20-0293/13
"1407766";"000002786";"13633";S;"62";Полотенце махровое Зверюшки 25x50 (MOS 13B-14F)
"1413280";"000004590";"13633";S;"22";Спец.одежда летняя с лог Костюм м л06-КПК зел 48-50 170-176 142219-1
"176703";"000002261";"11805";H;"30";Доп.заказ Дальномер Bosch DLE 50
"221635";"000000953";"11805";С;"17";Сырье д/произ-ва Флэт Арпако 317х645 1446-10 PLUS черный
"280304";"000001697";"13633";H;"35";Флаг ЗЕНИТ.30х45 см  Зенит  / SF-5
"318802";"000001259";"11805";С;"27";Произв инвент ИС Молоток 800 гр.
"347270";"000002261";"13633";H;"30";Бонусная программа 51_Ель искусственная декоративная,40 см,шишки, золото.
"396317";"000003526";"13848";H;"72";Чернила в потронах черные 1,2мл.,SPSQ-400/1
"611219";"000001095";"13633";H;"22";Куртка 89281-4 муж. Темп/л03-КУ син/вас (р.68-70) 182-188
"620590";"000004024";"21003";H;"35";Набор шоколадных конфет  Винни Пух 700г ТК-01
"633237";"000000160";"13910";H;"06";Уценка ProMega M205 G3220/8/2Tb/GT630-4Gb.im/si
"678275";"000002142";"12979";H;"45";Скрапбукинг Подарочная коробочка Саквояж Canary, 2 шт в уп/HY00923
"706051";"000000371";"13633";H;"08";Модуль угловой S_MV_BUSINESS 90ш к/з серый Oregon 17
"727271";"000003155";"13803";H;"72";Карандаш механический Pentel AL405-C 0,5мм синий Япония
"730883";"000000693";"13633";H;"10";Тендер Штамп на оснастке Pr20 /56244/
"740351";"000001258";"11805";H;"24";xИнд.заказ 100391-10 Визитки BC02, Отделение Осенний бульвар
"741566";"000000833";"20892";H;"14";Вода питьевая детская Сказочный Лес 5л. 2шт/уп
"746345";"000002934";"11976";H;"67";Кронштейн Arm Media LCD-T42 чер. 15-32 макс.20кг наст.поворот,наклон
"748881";"000000307";"13633";H;"08";СпецМеб 1L5_A Референт стеллаж 400x400x2200 бук-с
"753750";"000000243";"14213";H;"07";Флеш-память Silicon Power Blaze B20 16GB черная
"808228";"000004187";"13910";P;"64";Ролики для касс Promega 80мм х80м х12мм тбS
"839172";"000000693";"11805";H;"10";Тендер Печать R40 Мерседес-Бенц РУС / 21813
"848687";"000001224";"12935";П;"15";Картридж струйный HP 991X M0J90AE гол. пов.емк. для PW Pro 750/772/777
"860916";"000002238";"15088";И;"46";Головка печатающая HP 85 светло-голубая (C9423A)
"896541";"000000618";"11805";С;"08";Сервис Easy One Полка 908866 серый
"902188";"000000500";"13633";H;"09";Шило канцел.,дл.70 мм, особо прочное, блистер с подвесом, ШБ-01/118439/
"910805";"000004187";"13633";H;"64";Ролики для касс и калькуляторов 44х19метров х12мм  т/бS
"912406";"000000548";"14164";H;"09";Вентилятор Scarlett SC - SF111B10 белый /128785/
"913212";"000004195";"29471";H;"35";Игрушка интерактивная Караоке Песенки В.Шаинского Микрофон 00-00001730
"1036255";"000003796";"11805";H;"70";Гвозди барабанные 2,5/70 мм гладкие,7200шт/уп,гв2570
"1050238";"000001551";"13633";H;"35";Фигурка декоративная Клоун, L11 W10 H21,5 см 265985
"1052534";"000004604";"13959";И;"58";Трубка термоусадочная REXANT 20,0/10,0 мм, желтая (10 шт/уп по 1 м)
"1056682";"000002915";"13203";П;"66";Тумба низкая деревянная Kyocera CB-365W (870LD00124)
"1103173";"000000137";"13284";H;"06";Ноутбук Lenovo 13S (20R90075RU) i7-8565U/16Gb/512Gb/13.3/W10P
"1128088";"000000616";"13633";H;"08";Офисные перегородки S_RV_Перег.моб. глух. мягкая.ткань(0PM_158499_ЦБ-30573)
"1141331";"000002600";"13768";H;"58";Аккумулятор Panasonic Eneloop Pro AA 2500 mAh R2U (уп 4 шт) + футляр
"1154855";"000002158";"27026";L;"45";Набор для творчества из фоамирана. Праздничные украшения слоник 2-289/10
"1182002";"000004849";"12594";K;"06";ПО ESET Gateway Security для Linux / FreeBSD 68 users NOD32-LGP-NS-1-68
"1183564";"000000618";"11805";С;"08";Сервис MON_Канц Профиль стыковочный 40-944 L-1765, орех
"1214265";"000003894";"14010";П;"66";Запасная часть Термистор Ricoh Aficio 1013/1013F (AW100060)
"1215772";"000003894";"14010";И;"66";Запасная часть Прижимной вал диам. 32мм Ricoh D2894313
"1278864";"000000231";"29429";S;"07";Адаптер Satechi Type-C to Gigabit Ethernet. (ST-TCENS) серебряный
"1309577";"000004635";"11805";S;"05";xИнд.заказ 136228-1 (А) Бейдж индивидуальный
"1348409";"000000953";"11805";С;"17";Сырье д/произ-ва Флэт для коврика на стол 35x59см Sweet life персик ламинир
"1354798";"000005252";"38552";P;"70";Ключ Г-образный 6 мм WERA BlackLaser 950 BM 027209
"1366584";"000004717";"11919";K;"06";ПО Лицензия Secret Disk 5 с сетевым управлением 1Y(SD5-NET-1Y-L)
"1385973";"000002784";"11939";И;"62";Постельное белье 2сп бязь(нав.70х70 2шт),Caleidoscopio (19137)
"1399019";"000001258";"11805";S;"24";xИнд.заказ 141826-1 (П) Визитки 14
"1425166";"000003684";"40730";И;"62";Халат муж. трига шалька AMBIELLA  A-1160, бежевый, 3XL
"1428824";"000000587";"13633";S;"08";Жалюзи вертикальные Сидев/о 1.80x2.20
"221733";"000002261";"11805";H;"30";Тендер Плёнка для лам GMP глянц. 75 мкм, 635 мм, 75 м/рул
"236556";"000001091";"13633";H;"22";Спец.гол.убор Кепи утепленная, цв.т-синий
"258403";"000002338";"13633";H;"35";Литература Арифметика продаж
"267118";"000001804";"15194";H;"42";Дезсредство Кутасепт Г окрашенный, флакон 1000 мл
"378481";"000002261";"11805";H;"30";Доп.заказ Лопата штыковая.
"428381";"000002412";"13809";H;"48";Кальвадос Кальвадос дю пэр Лэз VSOP 0.7 4 года 40%
"487320";"000004703";"14425";М;"16";Дисп. политика Диспенсер д/покрыт. на унитаз Tork Elevation V1 бел,344080
"496113";"000002261";"13633";H;"30";Шампунь 10 мл в саше Travel 1902 /87851/
"528240";"000002444";"11805";U;"50";Термоформ. пр-во Коррекс КС-8 (0G1)
"545404";"000001085";"13633";H;"22";Костюм 85657-7 ут ?Азимут?, т-син./чер. (р 52-54,170-176)
"560917";"000002261";"14442";H;"30";Тендер Краска штемпельная Trodat синяя, 28 мл
"618625";"000000690";"14442";H;"10";Доп.заказ Оснастка металлическая для штампа 3900 / 106x55 мм
"625283";"000002261";"11805";H;"30";Тендер Штифты аллюминиевые 126 мм, 100 шт/уп.
"652321";"000004103";"15152";У;"34";Заправка картриджа HP 85A CE285A (Смоленск)
"699371";"000000999";"12811";H;"18";Рюкзак GRIZZLY RU-713-2/1 черный - красный
"726133";"000002373";"11805";H;"42";Тендер Шпатель №3
"747506";"000002781";"13633";H;"62";Наматрасник 145х205х20 на резинке, тик матрасный /59965/
"788339";"000001788";"11805";H;"41";Тендер Бумага самоклеящаяся А4 50л. 14 фр. (105x42,3)
"803435";"000000689";"11805";H;"10";Тендер Печать R40 ВТБ МС Для полисов / 21245
"814572";"000000929";"13633";H;"15";Картридж лазерный  MLT-D203U чер. для Samsung M3320/3820/4020
"887667";"000002983";"13633";H;"69";Ящик складной перфорированный с текстурой под дерево 600x400x230 (WL6423)
"894390";"000001258";"11805";H;"24";xИнд.заказ 111510-72 BC03, Рочев Кирилл Евгеньевич
"980983";"000001258";"11805";H;"24";xИнд.заказ 117623-11 Внешний аккумулятор Gladies с зеркалом, 3000 мАч черны
"1080513";"000003543";"30603";H;"76";Стакан ПП К-95 250мл прозрачный
"1116325";"000004590";"13633";H;"22";Спец.одежда летняя с лог Костюм л05-КБР 60-62 170-176 125183-12
"1128608";"000000394";"13633";H;"08";Сервис Опора колесная D=40мм на штыре М8, черная
"1165373";"000001259";"13633";С;"27";ЗЧ д/обор-я ДКУ Эк Пускатель КМИ-34062
"1188174";"000001031";"13633";И;"22";Сапоги Standart утепленные р.43 (ВС4075у)
"1216660";"000004380";"13633";В;"65";Крышка пластиковая PET d=143мм д/контейнера бум. 550 мл, 50 шт/уп 43320.01
"1231674";"000005212";"15076";П;"70";Лист шлифовальный для ПШМ Р180 93х230мм 5шт/уп Зубр 35590-180
"1300360";"000002816";"14164";П;"63";Фен SCARLETT SC-HD70IT02, 1300Вт, складная ручка, ионизация, черный
"1338539";"000003493";"32434";И;"70";Пассатижи комбинированные 200 мм Дело Техники 411201
"1343302";"000004187";"13633";P;"64";Ролики Бумага телетайп, (Рулон для принтера и телетайпа, 210х100(92)(СТРЛ))
"1351967";"000002631";"13633";S;"58";Выключатель HoosenseH2-B210M 2кл.о/пIP54 сер.клав.черн.(Электромонтаж)Ю2328
"1363305";"000004590";"13633";S;"22";Халат медицинский с лог муж м10-ХЛ 52-54 182-188 139330-5
"1422387";"000000587";"13633";S;"08";Жалюзи горизонтальны 02250.51x1.53
"1424394";"000004590";"13633";S;"22";Костюм с лог муж Универсал-КПК сер/бордовый 52-54/194-200 143330-5
"177245";"000001107";"13633";H;"22";Костюм Пекаря универсальный длин.рукав(р.48-50) р.182-188
"247862";"000002261";"11805";H;"30";Доп.заказ Костюм легкий защитный Л-1 (р. 2)
"282676";"000001240";"21128";H;"18";Фломастер №1School,Tony&Bony,12цв
"362095";"000002928";"12272";H;"66";Плоттер Canon imagePROGRAF iPF825 (4837B003) А0, 5 цветов
"369458";"000002261";"13633";H;"30";Пазл /54446/ Магнит.пазл. 46,394,00 малый (Кот)
"424201";"000002232";"20920";H;"46";Плата форматирования для HP LJ Pro M1536 (CE544-60001)
"433278";"000002238";"20920";H;"46";Картридж струйный Cactus CS-CLI526BK для CANON PIXMA iP4850/MG5250 8.4 мл
"441702";"000002504";"13633";H;"52";Обложка для паспорта Каштаны арт.35683 (13,3x19,1 из ПВХ)
"533079";"000002431";"11805";U;"50";Термоформ. пр-во Емкость СК-180 СТАНДАРТ (0RM) (1100шт./уп)
"546070";"000001738";"12572";И;"35";Карта подарочная Дефиле 1000р
"601059";"000001094";"13633";H;"22";Спец.одежда летняя Костюм Лига-СМ/л04-КПК син.(р.64-66) 182-188
"644537";"000002509";"13633";О;"52";Чехол для одежды из спанбонда с окошком синий, кант серый, BL 100-60
"669715";"000000307";"13633";H;"08";Мебель 1L5_А Универсал У.П-1 Шкаф для документов узкий 350х350х1788,венге
"713928";"000000658";"13633";H;"10";Клей для плитки Ceresit СМ11, 5кг/46722/
"716515";"000000705";"12183";H;"10";Тендер Закладки 45х12мм 3цв., 45х25мм 1цв. пласт/п-проз 4цв по 25л.Brauberg
"718006";"000004200";"15154";H;"42";Мед.смотров. перчатки нитрил., нест., н/о, текст., (S)100пар/уп.голубой
"727126";"000000690";"12373";H;"10";Доп.заказ Оснастка д/штампа АО Мерседес-Бенц Мануфэкчуринг Рус, мак.20164
"823731";"000003134";"11805";H;"71";Тендер Шланг PALISAD 67477 поливочный пвх 3/4 25м армированный
"826857";"000001258";"11805";H;"24";xИнд.заказ 107289-1 Визитки, цифровая печать 4+4, комплект по 100 шт.
"850022";"000001258";"11805";H;"24";xИнд.заказ 108846-22 BC01, Эгамбердиева Нилуфар Уктамовна
"856830";"000001093";"13633";H;"22";Спец.одежда летняя с лог Костюм м л20-КБР син/кр 56-58 182-188 109131-4
"916325";"000003118";"27983";H;"71";Щетка метла плосткая щетина мягкая витая 300х75мм В849 G зеленая
"916512";"000002443";"11805";U;"50";Термоформ. пр-во Коррекс КР-1907/1 (Я) (0RM)
"922197";"000000392";"11805";С;"08";Сервис 1L5_0B3 MT_CP-5 PL Крестовина, пластик
"923275";"000000747";"21018";H;"11";Папка-конверт на кнопке ФЛАМИНГО А5, 24x17/46748
"924961";"000001093";"13633";H;"22";Спец.одежда летняя с лог Костюм м л16-КБР син/вас 52-54 158-164 113590-5
"937908";"000001577";"26861";H;"35";Подставка под горячее Свинка с ландышами со шнурком 220159
"941338";"000001258";"11805";H;"24";xИнд.заказ 115034-5 Часы настенные, пластик, черный, ГРАЦИО
"999504";"000002745";"13086";H;"60";Гарнитура Jabra BIZ 2400 II Duo (2409-820-204)
"1018176";"000001788";"13633";H;"41";Этикетки самоклеящиеся 26x41мм (49 шт. на листе А4, 500 листов в упаковке)
"1025928";"000001258";"11805";H;"24";xИнд.заказ 120294-1 Оснастка для печати с крышкой d40мм, Pr. R40, черная, C
"1036610";"000000618";"11805";С;"08";Сервис SP Бюджет Боковина левая 2558 (402658) груша(956186)
"1051085";"000002232";"15088";И;"46";Модуль (45N1144)
"1071317";"000001258";"11805";H;"24";xИнд.заказ 122710-15 Визитки 35
"1076070";"000003011";"13633";D;"70";Скальпель средний СК-03 150 мм (12-4308-8)
"1093254";"000002740";"12845";H;"60";Телефон ip Gigaset S650H PRO
"1100521";"000002891";"12223";H;"64";Уценка Весы торговые SWN-06 c доп.дисплеем для покупателя (до 6кг)
"1160354";"000001756";"12085";E;"41";Еженедельник недатированный BeSmart 80л, склейка, Bunny чайки N2034
"1163077";"000003900";"11996";П;"06";Видеокарта Asus GTX 1660SUPER 6Gb PH-GTX1660S-O6G 1530/14002 Ret
"1163102";"000004967";"13633";И;"22";Брюки (джинсы) женские цв. графит р.48/158-164
"1211957";"000000137";"13284";H;"06";Ноутбук Lenovo IdeaPad L3-15 15IML05(81Y300EYRK)Cel 5205U/8G/256G/15.6/noOS
"1221773";"000004586";"11805";S;"10";xИнд.заказ 130958-2 (П) Оснастка для печати с крышкой d40мм, Pr. R40, черна
"1243875";"000005000";"13595";K;"06";ПО игра ПК Namco Bandai Tales of Vesperia:Definitive NAM_5146
"1263064";"000003866";"37227";И;"61";Светильник Yeelight Serene Eye-Friendly Desk Lamp Pro (YLTD04YL)
"1270652";"000001086";"13633";S;"22";Костюм рабочий зимний з03-КПК ЧЛБ вслк. с синим (р.48-50) 182-188 с  ЛОГО
"1272309";"000001258";"11805";И;"24";xИнд.заказ 133538 Набор Follower, синий
"1286833";"000004972";"13830";П;"22";Колготки женские Cr Rouen 80den nero 28032621982993
"1304728";"000001258";"11805";И;"24";xИнд.заказ 133329 Ежедневник 2
"1326245";"000002506";"13998";K;"52";Кошелек Florina Blue арт.PM22
"1327087";"000000952";"11805";С;"17";Сырье д/произ-ва п/ф Термотран этик Полугл лг/кл D=98,500шт/рул,вт40,1цвет
"1373481";"000003035";"13633";S;"70";Клей для Клеевой пистолет СОЮЗ КПС-24600
"93201";"000001088";"13633";H;"22";Спец.одежда зимняя Брюки универсальные/з16-БР (р.52-54)р.182-188
"196411";"000002261";"11805";H;"30";Тендер Ролик Lomond мат. 105 г/м2, 1067х45х50, (1202053)
"204107";"000003553";"11805";H;"16";Подарки Подарочная карта  Детский Мир  1000 ОСР
"221978";"000003177";"13697";H;"72";Ручка шариковая ONLINE Vision Style 36644 синий авт. под.уп-ка, Германия
"348084";"000002261";"11805";H;"30";Доп.заказ Калька Xerox А0+ в рулоне 914мм х 170м  90 г/кв.м  003R96053
"366962";"000001259";"11805";H;"27";ЗЧ д/скл тех и СЭ ТС Фильтр-сетка поддона У35.615-01.160
"372295";"000001166";"13633";H;"10";Набор настольный деревянный 9 предм. M9D-1 КРАСНОЕ ДЕРЕВО темн. Тайвань roz
"374998";"000000218";"13492";H;"07";Мышь компьютерная Microsoft Comfort Mouse 4500 (4FD-00024)si
"382371";"000000975";"11999";О;"18";Циркуль Attache 115 мм  с запасным грифелем в ПВХ чехле S01002P
"390122";"000001259";"11805";H;"27";ЗЧ д/скл тех и СЭ ДСК Фара 1557780
"437351";"000001629";"14581";H;"35";Игрушка Магнитный театр  Теремок  VT3206-08
"476572";"000003899";"11996";H;"06";Материнская плата Asus (B85M-K)/1150/ B85/2xDDR3/mATX/VGA/DVI_K
"506730";"000000764";"21009";H;"13";Новогоднее украшение елочное подвесное  Птица  26026
"520356";"000003376";"15073";D;"54";Полироль для мебели ЗОЛУШКА Лимонная Свежесть 250мл
"529365";"000000626";"13633";H;"08";Кухня G_РИО-1 Столешница алюминивая рябь L=500
"531001";"000002095";"11805";U;"43";Экструз пр-во PS Пленка PS (606х450) белая 4502078 (2RM)
"534463";"000000287";"13633";H;"08";Мебель для гостиниц ET_Комплект Winx 2 Азбука (стол+стул) В2А
"616525";"000000618";"11805";С;"08";Сервис ED_Милан Боковая стенка МЛ-1.4/1.5 орех табак
"617303";"000000617";"11805";С;"08";Сервис ED Форум/Статус фурнитура ящ. Фр-3.1 дуб мол.
"633668";"000001258";"11805";H;"24";xИнд.заказ 91336-17 Кружка (керамика 300мл) Кружка (керамика 300мл), Без ра
"648842";"000004037";"11809";H;"35";Ледянка 1toy Monster High 60см Т56338
"698043";"000004205";"15363";H;"76";Средство для мытья поверхностей Ника-Универсал, кан. 5,0 кг, 4 шт/уп
"715451";"000000617";"11805";С;"08";Сервис И_Вита Фурнитура к шкафу 2384, орех
"725846";"000003134";"11805";H;"71";Тендер Шланг PrimoFlex 1/2- 20m 2.645-138.0
"744701";"000000306";"13633";U;"08";Мебель 1L5_SL Imago Гардероб ГБ-1 венге магия (ГБ-К1,ДГ1)
"812976";"000001258";"11805";H;"24";xИнд.заказ 106431-1 Скотч, 50мкм, 50ммх66м-1
"813266";"000001258";"11805";H;"24";xИнд.заказ 106480-1 Универ. зарядное устройство, мет., синий., 4400mah, СИС
"849945";"000002921";"13203";H;"66";МФУ Kyocera FS-C8525MFP А3, 25/13 ppm A4/A3, 600 dpi
"887946";"000004140";"13633";H;"35";Копилка в комплекте с наклейками из ПВХ с клеевым основанием 11х9см, 77763
"898325";"000000843";"14528";D;"14";Сыр плавленый Виола Valio с ветчиной в ломтиках 140г
"919777";"000000862";"13633";H;"14";Сироп ACCENTO 1л фундук/133302/
"942101";"000003083";"13633";Л;"71";Бак для отходов 80л, пластик пищевой, серый с зеленой крышкой _У
"957512";"000001258";"11805";H;"24";xИнд.заказ 116496-1 Зонт-трость Unit Promo, зеленый
"968289";"000001222";"13203";И;"15";Сервисный комплект Kyocera MK-170 (1702LZ8NL0) для P2135d/FS-1370DN
"979317";"000000158";"13633";H;"06";Монитор HP 27 HP Pavilion 27 FHD 3TN79AA#ABB/157277/
"985769";"000000266";"12935";S;"08";Крепеж HP (JW047A) AP-220-MNT-W1W Flat Surface Wall/Ceiling White AP
"996253";"000000830";"11805";H;"14";Чайный напиток Женьшеневое Равновесие, пакетир 20х1,75 (ЧА013)
"1012614";"000003405";"13495";П;"63";Микроволновая печь Midea AG820NN1-S 20 л 800Вт эл гриль серебр
"1021635";"000000584";"11805";H;"09";Замок ЗУБР ЭКСПЕРТ навесной, нерж.сталь,удлиненная закаленная дужка,60мм
"1039217";"000003471";"12026";H;"67";Телевизор BBK 32LEM-1054/T2C черный
"1044450";"000000577";"31484";П;"09";Блок питания PV-Link PV-DC2AW PV-Link v.2013
"1044634";"000001258";"11805";H;"24";xИнд.заказ  121250-1 Визитка тиснение
"1044810";"000000587";"13633";H;"08";Жалюзи  Вертикальные Аризона 1.03x1.73 /143496
"1054200";"000000374";"13633";H;"08";Мягкая мебель Диван 2000х1300х720 мет. каркас, экокожа Art-vision 103
"1104343";"000000378";"13633";H;"08";Пуфик в виде бочки d400 высота 400 мм Обивка ткань GLAZGO 55D
"1119277";"000003173";"12657";S;"72";Ручка гелевая ERICH KRAUSE Megapolis Gel, СИНЯЯ 12шт/уп 701810
"1133235";"000000158";"13219";H;"06";Монитор  LG 44066 (24MP58VQ-P) IPS/1920x1080/D-Sub/DVI/HDMI
"1166570";"000001008";"15116";В;"18";Блокнот А5(145х210мм),80л,дизайн.блок,сшивка,7БЦ New way Дизайн8 КЗ5803135
"1211740";"000003221";"33397";S;"74";Средство Грунт-антисептик IMPREGNANT GOODHIM 230 5 л 78576
"1226515";"000002414";"11805";J;"50";Упак.для торта Емкость Т-218/11ДШ (П) (Т)
"1227445";"000002661";"36967";И;"59";Помпа вакуумная UNO VINO, 2 пробки (695430)
"1234380";"000000693";"13633";S;"10";Штамп PR 10 24х8мм
"1265596";"000000763";"26909";H;"13";Украшение елочное светов Макушка Роза ветров для елей 3-5м. 50см. белый
"1268933";"000003410";"13561";S;"63";Кухонный комбайн Moulinex Double Force FP826H10
"1274857";"000004066";"37166";P;"70";Пила сабельная Einhell TE-AP 750 E (4326170)
"1307155";"000004864";"11996";И;"07";Мышь компьютерная игровая ASUS ROG Pugio II (90MP01L0-BMUA00)
"1331219";"000001020";"15467";P;"18";Альбом для рисования 32л  А4 склейка ПУТЕШЕСТВИЯ-1,КБС,отр.блок,32-1432
"1352480";"000000587";"13633";S;"08";Шторы рулонные УНИ-2 Сиде 0.95x1.75
"1358913";"000005347";"33947";И;"70";Триммер бензиновый ELITECH Т 26 (179953)
"90716";"000002261";"11805";H;"30";Доп.заказ Устройство  Ревиласил
"273081";"000001762";"13044";H;"41";Блокнот Paisley А5 320стр. фактурн кожзам, клетка, красный
"334428";"000002155";"15172";H;"45";Набор для вязания крючком Балетки голубые В34010
"347758";"000002261";"11805";H;"30";Тендер Пакет для монет (115х200 мм, крафт-бумага) (605-10)
"384775";"000001002";"15397";H;"18";Пенал 1 отделение, Валентинки, ПК 3-20
"389227";"000001788";"12014";D;"41";Этикетки самоклеящиеся Europe, ELA027, 210х297мм на листеА4 (100лист/уп)
"429197";"000001259";"11805";H;"27";ЗЧ д/обор-я ДКУ 71 Подшипник UCF 210
"436530";"000000096";"13633";H;"05";Сертификат для инф.киоска на upgrade от огран. до полной версии электр. оче
"456409";"000001259";"11805";H;"27";ЗЧ д/обор-я ДКУ 06 Бурт ПП под фланец 63 мм.
"469620";"000001105";"13633";H;"22";Халат для горничных и уборщиц ж Вилора кор.рукав бирюзовый .64-66 158-164.
"562048";"000000160";"12935";H;"06";Системный блок HP PD 405 G2 MT(J4B13EA)A4 6250/4G/500G/HD8330/DVD/W7 Pro
"568577";"000004104";"15152";У;"34";Восстановление картриджа HP 128A CE323A (пурпурный) <Липецк
"650123";"000002261";"13316";H;"30";Тендер Ролик д/плот. 200гр глянц. 1067x30x50 (бумага) Lomond
"704844";"000000306";"13633";H;"08";СПб Доп.заказ /45307/ Шкаф для одежды 65x60x200
"714629";"000003510";"15076";H;"70";Тендер Хомут трубный с гайкой, оцинкованный, 3, 1шт ЗУБР 37850-83-95-1
"718108";"000000340";"11805";H;"08";Доп.заказ Мебель для школы_Шкаф со стеклом 854 x450 x2010 бук
"773262";"000003505";"13412";H;"70";Машина шлифовальная угловая аккум. 125мм,18В, 2х4Ач Makita (DGA506RME)
"778396";"000000249";"27827";H;"07";Гарнитура Marvo HG8804
"840260";"000002622";"13633";H;"58";Тендер Светильник авариный ЛБА 3923 непост.автон.2x8Вт,IP20Т5/G5ИЭК/101265/
"842648";"000001259";"13633";С;"27";Произв инвент ИР Стол подъемный гидравлический
"855344";"000002261";"11805";H;"30";Доп.заказ Смазка силиконовая МС-Спорт 400г ВМПАВТО 2201
"855510";"000001747";"15447";В;"41";Календарь настенный 3-х блочный 2019, 305х675, Цветущие Маки, 80г/м2,KB
"861138";"000001093";"13633";H;"22";Спец.одежда летняя с лог Костюм муж л20-КБР сер/кр 48-50 182-188 109436-9
"900267";"000000587";"13633";H;"08";СпецМеб _0MX_S /ЗД-122205/ Рулонные шторы Ловолайт45 Скрин 2.65x3.25
"917665";"000001258";"11805";H;"24";xИнд.заказ 113049-29 55 Пролетарская СПб
"928913";"000000287";"13633";H;"08";Детская мебель VB_Парта CONDUCTOR-001/BLUE
"938978";"000000321";"13633";H;"08";СпецМеб 1483211_Стол руководителя TST 169 Венге Магия Z 1600х900х750
"981242";"000000254";"13633";S;"07";Спрей Средство для очистки и вос.резин.пов. Platenclene(Katun/AF) б./100мл.
"1023712";"000000400";"11805";С;"08";Сервис ПРАКТИК Pro Industrial Спинка, черный(979022)
"1034555";"000002744";"30960";П;"60";Смартфон TECNO CB7 11S Nebula Black
"1044416";"000001150";"13633";H;"22";Спец.костюм с лог Жилет сигнальный Тип1Т цворанжр ХL/52-54 121223-2
"1070394";"000000618";"11805";С;"08";Сервис SL_ALTO Царга AST189Н Венге
"1078953";"000000587";"13633";H;"08";Жалюзи S_SM_Жалюзи вертик. Тканевые (0РM/154858/№496)
"1107630";"000004590";"13633";H;"22";Халат рабочий с лог у19-ХЛ т-сер/с-сер 52-54 170-176 124221-17
"1153855";"000001770";"15152";D;"41";Конверты Куда-Кому C4 стрип 229х324 100г КОМУС 50шт/уп
"1181512";"000004568";"13633";H;"68";Знак безопасности  внимание. Автомат включение (запуск) оборудования. 5см
"1195087";"000004901";"13633";П;"08";Стеллаж торговый VZTO_Стойка под дезинфектор 38,1х40,1х152,5
"1207603";"000000999";"12194";P;"18";Рюкзак школьный КОШКИ.СЕРДЕЧКИ черный, 12-003/31
"1215662";"000003894";"14010";П;"66";Блок чистящего полотна в сборе Ricoh
"1240006";"000000137";"12935";H;"06";Уценка Ноутбук HP ProBook   440 G6(6UL38ES)Intel Core i3 8145U/8192Mb
"1297184";"000000587";"13633";И;"08";Жалюзи SKR Рулонная штора , Blackout, LUX 98x170 графит
"1303234";"000004588";"11805";S;"41";xИнд.заказ 135747-3 (П) Ежедневник CONDOR, недатированный, черный
"1330062";"000001224";"12653";И;"15";Контейнер с чернилами Epson T8782 C13T878240 гол.экстрапов.емк.для WF-R5xxx
"1380430";"000000997";"21018";E;"18";Папка для труда пластик. ГЛОБУС,полипропилен,А4, 1отдел.молния/51165
"1403939";"000005029";"40884";И;"09";Терморегулятор Sibling Powerswitch-TH для теплого пола (00-00003018)
"209175";"000002261";"11805";H;"30";Доп.заказ Замок врезной 074009 3В9-8/15
"300997";"000001259";"11805";H;"27";Произв инвент ИМ Круг шлифовальный 300*40*76 64С
"366848";"000002745";"11959";H;"60";Гарнитура Apple EarPods MD827ZM/A White
"376403";"000001259";"11805";H;"27";ЗЧ д/обор-я ДКУ Фт Угольник обжимной 32 мм.
"405117";"000001591";"13110";H;"35";Ложка-дуршлаг Scoop? большая серая
"437068";"000002094";"11805";H;"43";Экструз пр-во BOPS 3К Пленка BOPS (505х300) пр 1,8 ОФ Б (д.изг. 31/10/14)
"440184";"000001227";"12272";H;"15";Картридж струйный Canon CLI-8CMY (0621B029) для PIXMA 4200/5200 (3шт).kk
"484984";"000001712";"13479";H;"35";Велокомпьютер беспроводной с кардиодатчиком C014 333034
"509861";"000003922";"14344";H;"14";Шоколад TOBLERONE белый с нугой 100г
"554936";"000003177";"13781";H;"72";Ручка шариковая PARKER sonnet slim матов черный CT R0818160/S0818170 sb02.1
"566540";"000000785";"13633";H;"13";Саше аромат Листья в виде Кота/39056
"631667";"000000137";"13284";H;"06";Ноутбук Lenovo TP 13(20GJ004FRT)13/i5 6200U/4G/SSD256G/Int/W10P_M_K
"643091";"000004104";"15152";У;"34";Восстановление картриджа Samsung MLT-D106S (Волжский)
"659011";"000004037";"13633";H;"35";Снегокат 101 классический синий 290573
"755641";"000001148";"13633";H;"22";Спец.костюм с лог Плащ ПВХ Extra-Vision WPL орн СОП 60-62 170-176 100774-68
"813845";"000000295";"13633";Л;"08";Мебель МК ЛОГИКА Стол приставка 600x500x750 (опора ронделла) ноче гвар
"813917";"000002158";"13633";H;"45";Тендер Лента двухсторонняя д/наружн.работUNIBOB 19x5м /89648/
"841775";"000001250";"27952";H;"18";Рюкзак ЧМ по футболу 2018-Кубок, 2 отд., 37x29x17 см, арт.NRk_21112
"852671";"000001258";"11805";H;"24";xИнд.заказ 108965 Штамп 2
"859213";"000001258";"11805";H;"24";xИнд.заказ 109468-2 Ручка шарик. SCHNEIDER, син/серебро, Шнайдер
"864283";"000000618";"11805";С;"08";Сервис SL_Raut Полка RСT106 венге магия
"892589";"000004018";"13633";H;"35";Фотоальбом Мишка-летчик на 200 фотографий 41295
"896920";"000005204";"29190";П;"70";Сверло по кафелю и стеклу  6 мм КУРС (35454)
"913071";"000003128";"13633";H;"71";Метла пластик ГАРДЕНА 5787 /126788/
"995206";"000002786";"28458";H;"62";Полотенце махровое Bonita 50х90 Classic, сине-зеленый
"1004454";"000001258";"11805";H;"24";xИнд.заказ  119068-6 Визитки 22
"1007580";"000002743";"30854";H;"60";Мобильный телефон Maxvi B5 brown (2766) 2.0/2Sim/32Mb+32Mb/коричневый
"1011062";"000000193";"27317";S;"07";Чехол Red Line (УТ000017099) для iPad Pro 12,9 NEW Magnet case, черный
"1034886";"000004318";"13633";H;"06";Системный блок Dell Precision T5820 MT Core i9 7900X/16Gb/1Tb/256Gb/LinuxU
"1056568";"000002206";"15351";D;"45";Краски акварельные Белые Ночи  24 шт х2,5 мл, 1941061
"1066964";"000003960";"13786";D;"59";Стакан КАСАБЛАНКА 295мл (52713SLBT)
"1107050";"000000693";"12373";H;"10";Печать r40 макет 25967, для документов 6 г. Елец
"1121279";"000002844";"32381";П;"63";МИКСЕР ПЛАНЕТАРНЫЙ HURAKAN HKN-IP10FM
"1168312";"000000616";"13633";H;"08";Метал.Мебель перегородка офисная 704x400. Каркас серебро металлик
"1171344";"000000693";"12373";H;"10";Штамп pr30 Макет 26986
"1220603";"000001788";"12014";H;"41";Этикетка точки Oslash, Avery Zweckform18 мм, красный, перманентный
"1272126";"000004188";"13633";S;"10";Блок-кубик ATTACHE эконом 9x9x5, цветной с белым 65-80г Ф
"1318867";"000000587";"13633";S;"08";Жалюзи вертикальные Ирис зеленый
"1328058";"000004590";"13633";S;"22";Костюм рабочий зимний с лог з03-КПК вслк с синим 56-58 170-176 137259-3
"1370946";"000003411";"13167";И;"63";Миксер планетарный цельнометаллический 4 в 1 КТ-1366-1 красный Kitfort
"239580";"000004103";"15152";У;"34";Заправка картриджа HP 36A CB436A (СПб)
"246335";"000002261";"11805";H;"30";Доп.заказ Стеллаж офисный 2200*250*2200, ЛДСП 15 мм
"283943";"000003018";"14114";П;"70";Молоток STAYER PROFI 500г, фибергл. 2комп.ручка (20050-05_z01)
"312432";"000002261";"11805";H;"30";Тендер Скрепки 26 мм анодированные, золот. треугольные 100шт/уп
"330026";"000002261";"13633";H;"30";Комус Шанс 782_ Радиобудильник Philips AJ3123.
"401606";"000000195";"13417";H;"07";Фотоаксессуар для iPhone Manfrotto BLACK BUMPER+3LENSES+SMT iphone 5/5S
"419286";"000000307";"13633";H;"08";СпецМеб SP_Профит Колонка зак. двухдв.прав. Т1185 д.он./сер.
"424839";"000001588";"13110";H;"35";Набор ножей компактный Twin Slice? зеленый 10068
"531775";"000002444";"11805";U;"50";Термоформ. пр-во Коррекс КР-2П (0RU)
"537808";"000002973";"13624";H;"67";Фотоаппарат Nikon Kit COOLPIX L840 Black + case + 8Gb
"611323";"000002261";"11805";H;"30";Доп.заказ Таз квадратный 9 л, ПБ-С200*
"678239";"000001577";"21097";H;"35";Ситечко для чая Г-н Чайковский серый 96568
"699009";"000003907";"13164";H;"06";модуль памяти Kingston KVR1333D3N9H/8G DIMM 8GB 1333MHz DDR3 Non-ECC CL9
"701475";"000004041";"26410";H;"52";Часы наручные мужские Fossil 29113
"703674";"000002159";"26056";H;"45";Бисер Астра 11/0, 20г , M1белый/прозр.матовый/675288
"708268";"000003979";"13257";В;"35";Шапочка для плавания Larsen CP51 (CP212B), силикон, Рыбка 239594
"712830";"000002238";"15088";H;"46";Катридж CE255A (NetProduct) (СПБ)
"762370";"000004379";"20938";H;"65";Контейнер СпК-126-250 (кубик) прозр., 50 шт/уп.
"818705";"000003405";"14140";H;"63";Микроволновая печь Samsung GE-83DTR-1W гриль
"825612";"000000300";"13633";И;"08";Мебель SL_WAVE Стол эргоном левый WCET149L дуб сонома Ш1400
"889098";"000002776";"29170";D;"62";Набор бритвенный COMFORT LINE,ПЭ,200шт.
"895977";"000000693";"11805";H;"10";Оснастка для печати PRINTER R40 black макет 22720 ИКЕА ТОРГ
"902030";"000001093";"13633";H;"22";Спец.одежда летняя с лог Костюм муж л06-КБР зел 52-54 182-188 111959-4
"916302";"000004743";"12536";D;"54";Профхим от накипи с кух-пром оборуд,CIP Dolphin/Promnova Acid LF Meta,5л
"947643";"000000297";"13633";H;"08";СпецМеб_0B3_Стол для переговоров цвет Орех Аида Табак
"977610";"000002744";"13471";H;"60";Смартфон Meizu M6 Note 16Gb (M721H_16GB_BL) 5.5/3GB/16Gb/blue
"1059945";"000000953";"11805";С;"17";Запчасти для складского оборудования SL110682_01_000001 Толкатель в сборе
"1061853";"000000795";"11999";H;"13";Грамота А4 голубой     фон, герб, триколор 230г/кв.м. 1шт
"1078817";"000001258";"11805";H;"24";xИнд.заказ 122948-1 Стаканчик бумажный для воды
"1140541";"000001086";"13633";H;"22";Костюм рабочий зимний з03-КПК вслк. с синим (р.48-50) 170-176 Лого
"1242587";"000001093";"13633";П;"22";Спец.одежда летняя Костюм муж. л20-КБР зелен/сер (р.48-50) 170-176
"1250892";"000005381";"13142";И;"70";Щетка моечная вращающаяся WB 120 Karcher (2.644-061.0)
"1327827";"000002403";"12627";D;"45";Маркер акриловый Edding 5100/933.кругл. 2-3 мм.Темно-синий/elegantmidnight
"1328684";"000000137";"13284";И;"06";Ноутбук Lenovo ThinkPad X13 (20UF000GRT) 4650U/8Gb/512Gb/13.3/Int/W10P
"1350894";"000004635";"11805";S;"05";xИнд.заказ 138864-2 (П) Табличка металлическая
"1369917";"000003979";"12118";И;"35";Бассейн надувной Fast Set, 183 x 51 см, 57392 Bestway
"1371560";"000000934";"14652";Т;"15";Картридж лазерный Xerox 006R01177 пурпурный (16000стр.) для Xerox WC
"1400960";"000002455";"29321";И;"51";Кондиционер Labay с кератином,1500мл
"1419572";"000004874";"11805";S;"10";xИнд.заказ 143032-1 (П) Оснастка Colop Printer C40 23x59
"1428541";"000000789";"28397";D;"13";Бумага упаковочная Кофебрейк 1л 70х100см УБ-1603
"21100";"000001002";"14486";D;"18";Пенал пластик. с линейкой UNI Белоруссия
"135201";"000002261";"11805";H;"30";Доп.заказ Видеокарта Palit PCI-E NVIDIA GeForce 9500GT 256Mb
"140453";"000002261";"11805";H;"30";Доп.заказ Чайник элект.  Ладомир  223 (8)
"155763";"000002261";"11805";H;"30";Тендер Телевизор LG 37SL8000
"225080";"000000634";"13633";H;"08";Кресло S_UN_Prestige E gtpPN3 /gtpPN ткань бежевая C-25*
"248923";"000000991";"21128";H;"18";Набор обложек №1School,Маленький единорог,д/уч.мл.кл,10шт,360х227,ПВХ,110
"260114";"000002432";"13633";J;"50";Упак.для салата Крышка СП-500К СТАНДАРТ (450шт./уп)
"266925";"000003356";"11989";H;"52";Футляр для ключей ASKENT Croco Nile, бирюза
"275029";"000002261";"13633";H;"30";Часы наручные  РАДУГА , 101 серый строит. Транспорт
"340987";"000001543";"11812";H;"35";Термометр для душа TT-10 жк дисплей
"343989";"000001755";"13633";H;"41";Еженедельник датированный 21х26 см Эльба зеленый
"372946";"000002261";"11805";H;"30";Доп.заказ Картридж с красящей лентой 800015-440 YMCKO colour I ribbon.
"432592";"000002261";"11805";H;"30";Ель искусственная /71763/ Альпийская H-165см
"466833";"000004043";"13229";H;"52";Чехол для чемодана Dahlia большой
"505681";"000000244";"14589";H;"07";Портативный HDD WD My Passport Ultra 2Tb USB3.0(WDBNFV0020BBL-EEUE) син 2.5
"566787";"000000636";"13633";U;"08";Стул 1L5_UA_JACK BLACK каркас черный, к/з черный V-CERATA
"568509";"000004103";"15152";У;"34";Заправка картриджа HP 304A CC530A (черный) (Липецк)
"617864";"000000556";"14164";H;"09";Конвектор Scarlett SCA H VER4 1500Вт
"639124";"000003820";"14443";D;"35";Часы настенные Troyka 21234287 круг., d245мм, плав.ход, пластик
"646737";"000002261";"12373";H;"30";Тендер Пломбир  Агроторг 7333
"661757";"000000622";"11805";С;"08";Сервис ПРАКТИК AFC-07 Задняя стенка ящика
"669924";"000001258";"11805";H;"24";xИнд.заказ 95137-7 Продуктовые подарки Продуктовые подарки 2
"673350";"000002058";"11805";H;"42";Ширма М-171-01, 2секц
"676690";"000000846";"13633";H;"14";Йогурт ФРЕШ FRUT СЛ/Л-ВО 5%КЛБН 320г
"710608";"000000181";"13492";H;"06";Программное обеспечение Microsoft OfficeStd SNGL SA OLP NL/PN:021-05624
"721468";"000001995";"13633";H;"42";Тендер Бортовой журнал автомобиля/53858/
"789820";"000004746";"20942";О;"54";Профхим д/кухни универсал абразив. чистящее Effect/GAMMA 303, 1л
"856042";"000000929";"15152";H;"15";Картридж лазерный Комус 106R01604 чер. пов.емк. для Xerox WC6505
"859228";"000001258";"11805";H;"24";xИнд.заказ 109434-5 Блокноты на спирали А5 50 листов-1
"889863";"000001258";"11805";H;"24";xИнд.заказ 111173-36 Термокружка 'Пиренеи', черный
"892844";"000002865";"13633";H;"64";Термоэтикетки 58х30/40-900 Т.ТОП 50 рул/уп
"903582";"000000344";"11805";H;"08";Метал.Мебель Двухсекционный сушильный шкаф ШСО-04 1220x620x1880
"925510";"000001608";"13633";П;"35";Ручка -танк Настоящему мужику на подложке   3532046
"935147";"000000081";"12144";H;"05";Уценка Доска магнитно-маркерная 1200х2400 BoardSYS одноэлем Ф1-240
"944263";"000004448";"13959";П;"09";Электронный ключ Rexant (брелок прозрач) 125KHz форм EM Marin (46-0229- 1)
"989365";"000002238";"15088";И;"46";Картридж HP 83X лазерный увеличенной емкости (CF283X)
"992362";"000001006";"14796";H;"18";Тетрадь общая А5,48л,клетка,скоба СКАЗОЧНЫЙ МИР-2 7-48-447 5видов
"1015939";"000001258";"11805";H;"24";xИнд.заказ 119620-10 USB-разветвитель Cloud, белый
"1032862";"000000297";"11805";H;"08";Мебель Yalta Элемент наборно.перег.столаLT-SPULлев.800x800x750Мокко/173842/
"1035486";"000000300";"13633";H;"08";Уценка 01В_Мебель PT Арго Стол эргономичный А-202 правый груша
"1042917";"000003118";"11805";H;"71";Щетка Метелка для сбора пыли антистатик (Попугайчик) R510591
"1061603";"000000336";"11805";H;"08";Мебель Р_МС полка 600х1200
"1068405";"000005189";"25257";П;"70";Бита EDGE by PATRIOT SL5,0 длина 50 мм, 2шт  (818010025)
"1117546";"000004607";"32407";H;"58";Наконечник штыревой НШВИ 1.0-8 КВТ 47497, 1 шт
"1121145";"000004590";"13633";H;"22";Спец.одежда летняя с лог Костюм м л16-КБР син/вас 64-66 170-176 125821-18
"1124021";"000000620";"11805";С;"08";Сервис MS_Gamma Задняя стенка G-47 беж
"1128539";"000002535";"12935";H;"53";Фотобумага унив быстрос атласная НР 610 мм х 30,5м 200г/м2 втулка 2/50,8мм
"1138615";"000002927";"12935";H;"66";Принтер HP Photosmart C4270
"1156721";"000004590";"13633";H;"22";Костюм рабочий зимний с лог  з37-КБР син/чер 48-50 182-188 128463-5
"1238729";"000002784";"31114";И;"62";Постельное белье  2сп с евро сатин-жаккард 120гр/м2 (4 нав.),DEDRIA серый
"1245515";"000005238";"37238";П;"70";Отвертка диэлектрическая PH2 тонкая VDE KNIPEX KN-982402SL
"1267153";"000003754";"37745";D;"86";Картон упаковочный ZENITH 250г 620x940
"1274666";"000004046";"24530";H;"52";Сумка жен. нат. кожа FABRETTI 17362-W1-2
"1331609";"000003524";"12194";E;"72";Набор маркеров текстовыделителей LadyMarker Mini в ассортименте, 22-0066
"1351929";"000000693";"12373";S;"10";Штамп Pr 40 макет 28883 Серебрякова И.В
"1414603";"000000137";"13284";Б;"06";Ноутбук Lenovo ThinkBook 15 G2 ITL (20VE00G7RU) i7-1165G7/8G/512G/15.6/NoOS
"130088";"000004103";"15152";H;"34";Заправка Тонер-картр. XEROX DP1210 (106R00442) замена тонера (Уфа)
"213575";"000002261";"11805";H;"30";Тендер Короб архивный пласт. с кольцом, на липучке, А4, 75 мм
"282587";"000002261";"11805";H;"30";Доп.заказ Отвертка аккум. HITACHI DB3DL2 3.6B 2x1.5Aч LiION 6.35 мм.
"312943";"000002261";"11805";H;"30";Тендер Лоток д/бумаг 2-х уровн., гориз, серебр. С21532 ERICH KRAUSE
"361457";"000002261";"13633";H;"30";Швабра /52378/ паровая Steam Cleaner Mop X5 зеленая
"383748";"000004026";"12081";H;"35";Чай Basilur Пряный Имбирь ж/б,100гр
"425843";"000002261";"12373";H;"30";Тендер Штамп Сороколетова М.А. Printer 15
"479017";"000003524";"13184";О;"72";Набор маркеров текстовыделителей KORES набор 4цв. 36040
"508015";"000002562";"13156";H;"54";Универсальный очиститель Kiehl ClaroLine Pro для ежедн уборки, кан 10 л
"536093";"000000952";"11805";С;"17";Сырье д/произ-ва IN5500458 Предохранитель NH 00 100A
"567181";"000004171";"13633";H;"35";Магнит сувенирный колокол 7,5 см. Москва-Кремль фиол. ( уп. 12 шт.) 900030
"631012";"000000926";"13633";H;"14";Набор , Сок ябл 0.2,Oreo 38г, Пюре фрук. банан. 90 г
"779912";"000001258";"11805";H;"24";xИнд.заказ 103342-38 BC02, Операционный офис Череповецкий
"801565";"000001804";"27592";H;"42";Антисептик кожный Дезискраб голубой 1,0 л
"822292";"000000161";"11996";H;"06";Неттоп ASUS VivoPC VM65N-G136Z (90MS00Q1-M01360)i3-7100U/4096/500Gb/930MW10
"860870";"000000871";"11805";H;"14";Доп.заказ Кофе в зернах Danesi Doppio жесть, 2000 гр.
"862615";"000001258";"11805";H;"24";xИнд.заказ 109572-44 BC01, Аргеткина Дарина Геннадьевна
"871296";"000001258";"11805";H;"24";xИнд.заказ 110111-22 BC01, Байдашев Егор Владимирович
"871425";"000002261";"11805";H;"30";Доп.заказ Гайка для ножки мебельной М8 (замак) BP02 ZAMA (200шт/уп)
"874988";"000002261";"13633";H;"30";Фартук 64/164/112845/
"957263";"000001094";"13633";H;"22";Спец.одежда летняя с лог м Л 10 син/вас 44-46/158-164 КПК 116505-44
"984523";"000001258";"11805";H;"24";xИнд.заказ 117888-5 Массажер для глаз Gezatone iSee380
"1039551";"000000430";"13633";H;"08";Сейф (к1) VALBERG FRS-99TKL огнестойкий, 2 ключа.
"1062120";"000000137";"11996";H;"06";Ноутбук Asus FX705GM i7-8750H/8G/1T+256G/17/1060 4G/W10(90NR0122-M05140)
"1082908";"000000557";"13865";H;"09";Уценка Радиатор масляный Polaris CR C 1125 COMPACT
"1124360";"000001258";"11805";H;"24";xИнд.заказ 126316-1 Календарь квартальный индивидуальный
"1166923";"000003536";"13633";H;"74";Растворитель 646 Мосхим (10л)
"1176309";"000004677";"35689";H;"63";Кофемашина Franke A400 MS EC 1G 1P H1
"1187815";"000001085";"13633";И;"22";Костюм рабочий зимний з39-КБР черный/васильковый (р.44-46) 182-188
"1197633";"000002444";"11805";И;"50";Упак.кондит.изделий Коррекс КР-2215 (ЯП) (Т) (ПЭТ)
"1214606";"000003894";"14010";П;"66";Запасная часть Передняя защитная плёнка фотобарабана Ricoh B1403099
"1259339";"000000953";"11805";С;"17";Сырье д/произ-ва п/ф картон 617х310х1,5мм
"1297526";"000004909";"28575";И;"93";Датчик кислотности жидкости (Troyka-модуль)
"1298125";"000004529";"38420";П;"18";Стенд  Электрическое поле в диэлектриках
"1299495";"000003755";"38981";D;"87";Картон макулатурный DivoPrint 230г 720x1040 Р
"1348138";"000005322";"13633";И;"05";Панель световая Frame LED 1-стор к стене А3+ (327х450) раз.пл. 297х420
"1389669";"000004590";"13633";S;"22";Халат медицинский с лог жен м12-ХЛ 44-46 170-176 141005-4
"1402888";"000002806";"13130";И;"63";Духовой шкаф KORTING OKB 461 CRGN электрический
"1415416";"000004874";"11805";S;"10";xИнд.заказ 142701-1 (П) Оснастка для печати круг, д40мм, R40 в боксе Colop
"99728";"000001224";"12935";D;"15";Картридж струйный HP 141 CB337HE цв. для PhSm С4283/C5283
"198678";"000000751";"11999";О;"11";Разделитель листов из сер.пласт. с индексами Attache, А4,цифровой 1-31
"302689";"000000307";"13633";П;"08";Мебель MON_Канц Колонка угловая УК33.9 орех
"312107";"000002261";"13633";H;"30";Щетка для подметания с черенкoм 0.7 м.
"330466";"000000639";"11892";H;"09";Проектор Acer P5207B, DLP, 4000лм, 10000:1, XGA, 3,3кг
"362938";"000002261";"13633";H;"30";Карта подарочная КАРУСЕЛЬ номиналом 1 000 руб /53117/
"401064";"000000622";"13633";С;"08";Сервис ПРАКТИК MD 1 1650 Стенка бок правая
"501826";"000002261";"13633";H;"30";Тендер Ватман 610х860 А1 200г ГОЗНАК СПБ
"548638";"000003747";"14088";И;"86";Картон упаковочный SIMWHITE/MB Prime FBB 230г 720х1040 Р
"605815";"000002698";"24864";H;"59";Салатник Galaxy 4л пластик с крышкой ПЦ1856
"633377";"000002095";"11805";С;"43";Экструз пр-во PS Пленка PS (447х350) Коричневая МФ3502301
"634092";"000000953";"11805";С;"17";Запчасти для складского оборудования 400320 Блок контакт.PIT esc2  1 n/c
"638239";"000001258";"11805";H;"24";xИнд.заказ 91695-2 Ежедневник Бизнес-153D Ежед., А5, 2017, Небраска т-син
"651976";"000000299";"13633";И;"08";Мебель SL Imago Приставка ПР-7 белый (крем) 1440х720х22
"673473";"000002923";"13657";H;"66";Принтер OKI B731dnw [45487102)]]
"683153";"000002865";"13633";H;"64";Термоэтикетки ЭКО 38x80мм, вт. 40мм. 1000 шт./рул
"684299";"000000618";"11805";С;"08";Сервис MS_Grand Штанга выдвижная L=320
"689803";"000002152";"24463";H;"45";Бумага рисовая для декупажа , A3, 25г/м, Прогулка по Лондону,арт.CP01716
"750067";"000000879";"27165";H;"14";Колбаса Итальянская Бахрушинъ ТД нарезка с/в 150 гр. в/у.шт
"770127";"000001258";"11805";H;"24";xИнд.заказ 102466-16 BC01, Телегина Ольга Сергеевна
"777950";"000001258";"11805";H;"24";xИнд.заказ 103171-1 Фонарик-карабин, металл, серебро, МЕДИНА
"783430";"000000158";"12106";H;"06";Монитор 21.5 BenQ GL2250(GL2250) /5 ms/DVI/black
"799928";"000002791";"11805";H;"62";Доп.заказ Ковер бел. JumKids Green Grass 1.5x1.5 - круглый
"805603";"000002934";"12912";H;"67";Кронштейн Hama Fullmotion H-118630 черный 32-56 макс.25кг
"832231";"000000792";"13633";H;"13";Сертификат-бумага с вод.знак.ПИРАМИДА А5 бел.100г/м2 250л БВ-А5-008/96021/
"848998";"000001258";"11805";H;"24";xИнд.заказ 108709-2 Вымпел индивидуальный
"858939";"000004187";"13910";H;"64";Ролики для касс Promega 57мм х80мм вт26мм тб 58
"862820";"000000693";"11805";H;"10";Тендер Штамп Pr55 ООО Адидас ТЦ Планета / 22142
"891856";"000001258";"11805";H;"24";xИнд.заказ 111345-72 BC01, Мусина Наталья Геннадьевна
"929407";"000003749";"14088";H;"86";Картон упаковочный SIMWHITE/MB Prime FBB 290г 620х870 S
"950902";"000000154";"13889";И;"06";ИБП Powercom Back-UPS IMP-625AP L-Interactive 625VA/375W IEC(3+2)/USB
"962349";"000000137";"12935";S;"06";Ноутбук HP 17-ab407ur, 17.3, IPS, Intel Core i7 8750H 2.2ГГц (4GT40EA)
"1018855";"000001615";"30675";П;"35";Держатель для карт Ezh (6,5 х 10,4 см) 15174
"1032930";"000001243";"13371";П;"18";Ножницы детские Milan Return с фиксатором, цвет красный, блистер (BWM10019)
"1060297";"000000842";"31002";K;"14";Творог 9% 180 г 180 гр ВкусВилл Избенка
"1080091";"000000643";"12068";П;"09";Увлажнитель воздуха ультразвуковой Ballu UHB-1000
"1122318";"000004588";"11805";H;"41";xИнд.заказ 126035-1 Ежедневник датированный 2020 Альт Ideal New А5+ бордовы
"1124268";"000003495";"14689";H;"70";Уценка Стремянка Zalger 3-ступенчатая стальная Н=108 см  (511-3) (Товар №3)
"1130161";"000004588";"11805";H;"41";xИнд.заказ 126811-1 Ежедневник датированный на 2020 год Attache Сиам
"1130361";"000000303";"13633";H;"08";Мебель Тумба приставная Imago Ш720хГ450хВ750, орех
"1173915";"000000374";"13633";H;"08";Мебель Диван Мичиган 005.1, темно-серый (Модерно Домино 02)
"1174909";"000005201";"12171";И;"70";Коронка BiM PROGRESSOR (64 мм) Bosch (2608594225)
"1216025";"000003894";"14010";П;"66";Блок термозакрепления для китайского рынка для обслуживания в сборе Ricoh
"1220433";"000000308";"13633";S;"08";Шкаф для хранения документов и с нишей под принтер
"1302518";"000002261";"14441";S;"30";Корзина для елки Триумф 65x28 см коричневая (Triumph Tree) 83793/1058090
"1397608";"000001615";"13633";E;"35";Держатель для карт Travels (6,5 х 10,4 см), 15536
"1411759";"000003785";"12343";P;"06";Коммутатор CBS350 Managed 24-port GE, PoE, 4x1G SFP
"1418955";"000002261";"13633";S;"30";Осветитель кольцевой Godox LR120 LED Black
"128636";"000004102";"15152";H;"34";Оперативная замена картриджа Возврат корпуса тонер-картр. XEROX WC PE220 (0
"194879";"000002261";"11805";H;"30";Тендер Тонер Kyocera FS1920 TK55
"252291";"000003625";"13633";H;"35";Маска для лица Гелевая косметическая маска GELEX
"268031";"000003363";"14467";U;"53";Бумага KYM Lux Classic А4 Пенза Авто
"300734";"000003809";"20920";H;"46";Сервисное обслуживание Ремкомплект HP LJ CB389A
"356771";"000000370";"13633";H;"08";Мягкая мебель R_Ва-банк сек.3х местн.к/з dol502 вишневый
"405949";"000001577";"12843";H;"35";Подставка Подставка под горячее R20 -Подарки Новогодние Подарки,20х20,
"412422";"000002095";"11805";H;"43";Сырье PS д/ф-ки 2К Пленка PS (540х400) бел С Б (д.изг. 02/08/14)
"457444";"000002023";"15146";H;"42";Пакет д/стерил.комбинир. 200 х 300 1000шт./уп.,  Клинипак
"470202";"000000616";"13633";H;"08";Офисные перегородки Blitz набор перег. (0PM_103392) (E598)
"482206";"000000548";"12044";H;"09";Вентилятор настольный BORK P510, 14Вт,2 скорости,нерж сталь
"530599";"000002119";"11805";U;"43";Экструз пр-во BOPS 3К Слитки ОПС (0G1)
"560077";"000004103";"15152";У;"34";Заправка картриджа HP 36A CB436A (Брянск)
"565864";"000000160";"12935";H;"06";Системный блок HP EliteDesk 800 G2 SFF(V6K78ES) i7-6700/8GB/1TB/Win10Pr
"633719";"000002261";"11805";H;"30";Доп.заказ Щетка для пола ТВИГИ кор/щет
"655389";"000003861";"11805";U;"14";Морепродукты ФРЕШ Крабовое мясо, 200 гр., VICI
"664872";"000003907";"11860";H;"06";Модуль памяти DDR3 8Gb 1866MHz AMD R738G1869S2S-UO PC3-14900 SO-DIMM 1.5В
"701540";"000000311";"13633";H;"08";СпецМеб 01B_F Комплект ЛДСП для СДХ-1Ольха
"745919";"000000953";"11805";С;"17";Запчасти для складского оборудования P+F 033486  Кабель-коннектор угловой
"747029";"000002824";"11805";H;"63";Тендер Доска гладильная Ника 9
"761286";"000002217";"15088";H;"46";Сервисное обслуживание Kyocera FS-3040(НС)
"773582";"000001258";"11805";H;"24";xИнд.заказ 102720-4 Ежедневник недат., кожзам, коричневый, А5, 320 стр, ПОР
"787626";"000003922";"25619";H;"14";Шоколад BUCHERON горький шок. С фундук
"788210";"000000618";"11805";С;"08";Сервис Mon_Эталон Горизонт  д венге 08.00045
"813982";"000001258";"11805";H;"24";xИнд.заказ 106495-5 Оснастка Colop Printer C 30, 18x47
"844585";"000000953";"11805";С;"17";Запчасти для складского оборудования 0001353378 Стекло рамки 15x49 T1549V
"952943";"000002744";"13633";H;"60";Смартфон OPPO F7 64GB Black /145593/
"976201";"000004103";"15152";У;"34";Заправка картриджа Brother TN-1075 + флажок (Омск)
"977315";"000002744";"13560";П;"60";Смартфон Motorola E5 XT1944-2 16G 2G grey LTE 2Sim 5.7 IPS 720x1440 And8.0
"977921";"000004103";"15152";У;"34";Услуга. Ремонт МФУ Kyocera TA1800/2200 (УЗГА Казань)
"980266";"000001258";"11805";H;"24";xИнд.заказ 117851-1 Термос вакуумный FLASK, 500 мл синий
"993493";"000002721";"13633";H;"59";Крышка к контейнеру алюмин. 430мл (2400шт/кор)К00544/160913/
"1006756";"000002164";"13633";H;"45";Наклейки 'Пушистики', 11 ? 16 см 3028374
"1060003";"000000620";"11805";С;"08";Сервис YALTA Стойка левая LT-TM вяз благородный
"1061563";"000002232";"15088";И;"46";Модуль Вызывная панель ML-16HR
"1098579";"000000401";"11805";С;"08";Сервис VB_CH-883-LOW-V/IVORY Заглушки з/ч №3(969080)
"1146347";"000004386";"13633";S;"65";Бутылка 2000мл, с пробкой, узк/гор 28мм, прзр, 40 шт/уп(полиэтилен) 17-8703
"1146928";"000002784";"14548";H;"62";Постельное белье 2 сп сатин 130 гр/м2 (50х70 2 шт.), Moon (741085)
"1176812";"000001206";"14770";Л;"14";Восточная сладость  Лукум сбивной с вишней 250 г
"1190672";"000003894";"13203";П;"66";Направляющая выхода 303K507090 GUIDE PF
"1198115";"000003753";"37743";И;"86";Картон упаковочный MEGAPACK 220г 720x800 S
"1199656";"000002421";"11805";P;"50";Упак.кондит.изделий Емкость РК-1909
"1207634";"000000999";"12194";P;"18";Рюкзак школьный FLY AWAY синий, 12-003-117/02
"1228352";"000001258";"11805";S;"24";xИнд.заказ 131509-5 (П) Наклейки, 5
"1231151";"000005230";"15076";П;"70";Фреза кромочная фигурная 32x57мм, хвостовик 12мм №8 Зубр 28719-32
"1246107";"000002784";"36257";П;"62";Постельное белье евро поплин 120 г/м2 (70х70 2 шт.), A-161-3
"1278581";"000002231";"15088";И;"46";Вал резиновый НР LJ P2035/P2055/M401/M425/iR1133 RC1-3685 (СПБ)
"1297240";"000000635";"36251";U;"08";Кресло 1L5_0B3 MT_SU-B-8 сетка/ткань темно-сер/темно-сер(подл.100/осн.001)
"1323806";"000003404";"28632";И;"63";Вытяжка наклонная making Oasis everywhere NP-60B (FR)
"1368319";"000004588";"11805";S;"41";xИнд.заказ 139998-3 (П) Ежедневник полудатир Bruno Visconti Imperium нат.ко
"1407009";"000005033";"13633";И;"42";Склянка 30 мл тем. стекло, шир.горловина, притерт.пробка, 12шт/уп 10003305
"1421473";"000001026";"13633";P;"22";Сабо Leon черные (мод. MED100), р. 37
"1425397";"000000633";"13633";V;"08";Уценка Конференц-кресло FA_SAMBA Chrome к/з черный DO350/к/з
"1426782";"000003791";"25255";Т;"06";Пигтейл Hyperline SM 9/125 (OS2) LC/UPC 1м (FPT-B9-9-LC/UR-1M-LSZH-YL)
"135492";"000002261";"11805";H;"30";Доп.заказ Телефон Nokia 95 8GB black
"137400";"000004103";"15152";H;"34";Заправка Тонер-картр. Panasonic KX-FA83A замена тонера (Уфа)
"186154";"000002094";"11805";H;"43";Экструз пр-во BOPS Пленка BOPS (692х250) прозрачная 1,8 ОФ
"294299";"000002261";"13633";H;"30";Комус Шанс 408_Автокормушка SH3926.
"295093";"000001569";"13633";H;"35";Полотенце  Спелая вишня  (586393) 20*20 см
"309606";"000000747";"12000";H;"11";Папка-конверт на кнопке Attache Selection Сфера на 2 кноп. 180мкм белая
"330725";"000001093";"13633";H;"22";Костюм Лига-СМ кант СОП чер.с орнж(р.48-50) 170-176
"338827";"000002338";"13633";H;"35";Литература Это ? надеваем, это ? выбрасываем!
"349151";"000001102";"11805";H;"22";Костюм муж. Лаборант ЛМС (р.48-50)170-176ЛМС
"369103";"000004026";"12971";H;"35";Чай  Hilltop Шкатулка Королевские тюльпаны 4 банки+ситечк
"387058";"000000307";"13633";H;"08";СпецМеб С.З. MON_Монолит Шкаф 3 полки(КМ45+ДМ41)гр.арозо
"409556";"000000617";"13633";С;"08";Сервис SL_Born  ZIP  Фур-ра двери ДСП В510 (L/R)
"443655";"000002261";"11805";H;"30";Доп.заказ Чайник нерж. 5 л.  RGS-4608 кт1128
"495006";"000002872";"13279";H;"64";Картридж к Label принтеру Leitz Icon,вырубн,бел,59х102мм,225шт 70130001
"515199";"000003105";"14562";D;"71";Губки меламиновые Miraclean,белая,12х7,5см, 8шт, 113035
"675236";"000000158";"12106";H;"06";Монитор BENQ 21,5 GW2270(9H.LE5LB.QPE)VA/FHD/VGA/DVI_L_K
"739746";"000000137";"13284";H;"06";Ноутбук Lenovo ThinkPad YOGA 370 (20JHS01400) 13/7200U/8Gb/256Gb SSD/Win10
"748804";"000001151";"13633";H;"22";Спец.костюм с лог Костюм Спектр к/пк 52-54 170-176 100774-38
"785917";"000000618";"11805";С;"08";Сервис MON_Монолит Опора метал.правая
"793477";"000000618";"11805";С;"08";Сервис Mon_ Деталь№5 Стойка левая  ГМ22 ш.Темный
"843741";"000001259";"13633";H;"27";ЗЧ д/обор-я ДКУ 74 Фитинг М32х1,5 7602132221G
"854877";"000003040";"11805";H;"70";Тендер Зажим троса двойной, оцинкован, 4мм, 50 шт, ЗУБР Мастер 4-304445-04
"887406";"000000618";"11805";С;"08";Сервис ED Верона Шток эксцентрика
"917594";"000001258";"11805";H;"24";xИнд.заказ 113051-1 Календ кварт, трехбл полноцв ламин постер, Люкс
"959683";"000000137";"13284";H;"06";Ноутбук Lenovo 530-14ARR (81H9000GRU) 2700U/8Gb/256Gb/14/int/W10
"987556";"000000137";"12935";H;"06";Ноутбук HP 17-ab306ur (2PP76EA) 7200U/6G/1T+128 G/17.3/GTX1050 2G/DVDRW
"996702";"000000693";"11805";H;"10";Штамп 18х47 мм, PRINTER С 30 red, макет 24496, Ермолова О.А.
"1026360";"000000626";"13633";H;"08";СпецМеб_01B_G_ Планка соединительная т-образная 28мм, алюминий
"1034413";"000001101";"25506";H;"22";Жилет для инструмента нейлоновый,13 отделений
"1040716";"000000295";"13633";U;"08";Мебель 01B_MS_Агат Приставка АЯ-27 ясень шимо
"1045621";"000001258";"11805";H;"24";xИнд.заказ 121321-2 Визитки 11
"1077886";"000000137";"13380";H;"06";Ноутбук MSI GL73 8SDK-217RU (9S7-17C722-217) i5/16/1+128/GTX1660Ti/17.3
"1096884";"000000369";"15016";H;"08";Мебель Стол монтаж.Верстак ДиКом ВЛ-К-150-02 с экраном и светил. 60.01.1300
"1133607";"000004403";"13633";H;"06";Шкаф настенный ЦМО (ШРН-Э-9.350) 9U 600x350мм пер.дв.стекл несъемн.бок.пан
"1139926";"000000299";"13633";И;"08";Мебель SL_WAVE Приставка б/опор WKD 906-1 Бук Тиара 900х600х19 б/опор
"1144297";"000001788";"13633";H;"41";Этикетки самоклеящиеся Promega label 70х42,3мм 100 л./уп эконом Авг
"1170408";"000004590";"13633";H;"22";Спец.одежда летняя с лог Костюм л10-КБР т-сер/с-сер 52-54 182-188 129346-2
"1193387";"000000310";"13633";H;"08";Панель ОЦ-ПП У-3 Яч.:200х50, Д.:4.0,-3.0 мм. 1530x2500 мм. RAL 6005
"1206509";"000004155";"36455";П;"35";Игрушка мягкая Лайка 15см арт.51190
"1241602";"000004860";"14697";И;"66";Лента красящая Zebra 800033-344 цветная, 230 отп. для ZXP3
"1269037";"000000155";"13633";S;"06";ИБП Ippon Smart Winner 3000 NEW 3000VA 2
"1275723";"000000191";"13633";S;"07";Батарея DELL 6MT4T 7.6V 62Wh 7750mAh ORIGINAL
"1277556";"000001093";"13633";H;"22";Костюм женский Л10-кбр. 40-42 /170-176
"1288661";"000003791";"13633";П;"06";Патч-корд оптический LC/UPC, МM (OM4), Duplex (BZ-PC-LC/UPC-MM4-DPX-2m-3)
"1316230";"000003576";"13633";S;"08";Тележка внутрикорпусная МСК-507
"1319802";"000002796";"39063";П;"62";Скатерть на стол 670х1100х2, прямоуг, гиб.стекло, прозр(VHM-COT6711002-inv)
"1327815";"000002403";"12627";D;"45";Маркер акриловый Edding 5100/922.кругл.нак. 2-3 мм. Цвет Белый
"1361683";"000001813";"13633";W;"42";Катетер периферический с доп.портом 22G Beromed 50шт/уп
"1391986";"000004590";"13633";S;"22";Спец.костюм с лог Жилет сигнальный Тип1Т оранжХХL/56-58 141338-3
"1411186";"000000635";"13633";S;"08";Кресло руководителя UN_Helios beige
"1412097";"000000321";"13633";P;"08";Мебель Carre Стол рук-ля Ш200 (белое стекло оптивайт) Хром CATA200VBL
"1421018";"000000374";"13633";V;"08";Уценка _Мягкая мебель EF_Евро+диван 3-х м.,тк т-сер к/з черн Ec3001
"71463";"000003695";"13239";H;"80";Дизайнерская бумага LYNEL FUR 545г 700х1000 белый медведь
"194401";"000000431";"13693";О;"08";ONIX OFFICE NTL-40МE/62MЕs, мебельный, эл.+авар.ключ.з
"234826";"000001086";"13633";H;"22";Спец.одежда зимняя Костюм утепл.Коммунальщик к/пк 52-54/170-176
"330759";"000001105";"13633";H;"22";Костюм для горничных и уборщиц Дарина син./вас на кноп. 60-62 (170-176)
"380972";"000000229";"12000";О;"07";Салфетки Attache Selection Power универс, туба, а/бакт, 100 шт, 130х170
"510686";"000000617";"13633";С;"08";Сервис Easy St Фурнитура 904240
"512480";"000001620";"15477";H;"35";Набор для праздника Дудочка 6 шт. Миньоны, 28571
"531932";"000002414";"11805";U;"50";Термоформ. пр-во Емкость Т-225ДШ (М) БЕЛАЯ (0RS)
"535699";"000000081";"13633";H;"05";Доска магнитно-маркерная 1-элементная 120х150 (AL.Проф.) Ф1-150 тип2
"572471";"000002402";"14970";H;"45";Конструктор ГОРОД МАСТЕРОВ ПОГРУЗЧИК 70ДЕТ. KK-7507-R
"603907";"000002233";"15088";У;"46";Девелопер черный Konica-Minolta bizhub C224/C284/C364/C454 (A2XN03D)
"658945";"000000306";"13633";H;"08";СПб Доп.заказ /23914/Угловая секц. с полкамиторц. секц. 37-35-236 черн-кор
"714509";"000001576";"11805";H;"35";Доп.заказ Ключница КЛ-1 [без брелоков]
"716393";"000001258";"11805";H;"24";xИнд.заказ 98730-3 Ежедневник ЕЖЕДНЕВНИК А5+ П/ДАТ. MUSTANG (КОРИЧНЕВЫЙ)
"722243";"000003399";"14875";H;"63";Морозильный ларь Бирюса 260НК-5 260 л.
"724361";"000002504";"26856";H;"52";Комплект Paris (Обложка на паспорт+визитница) 56136000
"727929";"000000747";"11999";О;"11";Папка-конверт на кнопке КНК 180 зеленый прз. 10шт/уп
"752290";"000000846";"14996";H;"14";Йогурт питьевой Даноне персик-кизил 270гр. ЧЛБ
"752773";"000002529";"11805";H;"53";Доп.заказ Бумага IJM021 Oce Standard Paper 90гр/м2 594мм х 110м (97024717)
"762892";"000001258";"11805";H;"24";xИнд.заказ 101928-5 Флажок-полноцвет, п/э шелк, 225х150 мм
"831876";"000004184";"11805";H;"41";Тендер Этикетка 139x60 ПП (Намотка 2500шт)
"841790";"000001583";"13633";H;"35";Сервиз чайный 15 предметов NEW BONE CHINA JDFN-TS15-05
"861542";"000001780";"11805";H;"41";Тендер Пакет с воздушной подушкой (240x350+50) бел W6. F/16/12219 100шт/уп
"877083";"000004103";"15152";У;"34";Заправка картриджа Xerox 106R01216 Y (Москва)
"877557";"000000618";"11805";С;"08";Сервис OL_Сигма (Арго) Стенка центральная А-012 бук
"925024";"000002231";"15088";И;"46";Муфта ролика захвата из кассеты в сборе (6LE53737000 )(СПБ)
"933898";"000000160";"12935";H;"06";Системный блок HP 590-p0003ur (4GL58EA) G5400/8G/1T/DVDrw/ GT1030 2G/W10
"946632";"000001258";"11805";H;"24";xИнд.заказ 115372-8 Бизнес-блокнот FUNKY, формат А6, в клетку синий
"979657";"000002416";"11805";U;"50";Мех.-форм. пр-во GN Емкость Т-2512ДШ (КОРИЧНЕВАЯ) (0RM)
"998798";"000000302";"13633";П;"08";Мебель RIVA Тумба подкатная 3 ящика фолдинг А.ТМ-3F груша
"1019964";"000000587";"13633";H;"08";Жалюзи Вертикальные Елочка 1.95x1.55 /166946/
"1039051";"000003749";"14087";H;"86";Картон упаковочный SIMCOTE/MB Classic FBB 250г 700х1040 S
"1054282";"000000693";"11805";H;"10";Штамп PRINTER R40 black макет 25399 Дзержинск для документов 1
"1104306";"000002097";"13633";H;"43";Сырье ПЭТ д/ф-ки Опытпленка ПЭТ (770х200) прозрачная M
"1124821";"000003791";"30200";И;"06";Патч-корд FTP Cablexpert PP6-7.5m кат.6, 7.5м, серый
"1149412";"000000382";"13633";И;"08";Многоместная секция UD_Раунд перфориров.СМ119-01 1(стул.S)синий ral 5005М
"1153844";"000004659";"13633";D;"13";Наполнитель бумажный Крафт корич пл78гр крафт офсет, уп. 100гр арт.БН-100кр
"1159352";"000003495";"32022";H;"70";Стремянка Krause STABILO 4 ступен. (124517)
"1178124";"000002403";"13633";П;"45";Маркер для скетчинга набор 1/12 шт в ассортименте МС12
"1183818";"000004590";"13633";S;"22";Спец.одежда летняя с лог Костюм м л20-КПК сер/крс 44-46 182-188 129897-3
"1194669";"000004806";"36246";H;"55";Корм сухой NATURES TABLE взр кошки лосось 650г
"1202718";"000002745";"40515";И;"60";Гарнитура проводная Plantronics BlackWire C3225-A (стерео, jack 3.5/USB-A)
"1205525";"000002932";"36425";П;"67";Держатель в машину Wiiix HT-S3SBL
"1213275";"000000300";"13633";H;"08";СпецМеб 01B_G_Стол прямой 1800х700х750 бук бавария/в тон
"1246574";"000002784";"36257";П;"62";Постельное белье 1,5сп сатин 125 г/м2 (70х70 2 шт.), B-94(2)-1
"1354544";"000000636";"13633";H;"08";Уценка _Стул VT_Конференц CHAIRMAN NEXX сетка/ткань черный
"1374650";"000000403";"13633";И;"08";Мебель для школы MET_Школа Стол 2-м 4-6 гр. р серый/серый
"1406676";"000000258";"13633";S;"08";Зеркало Ferro д 55 см цвет белый 82111171
"213679";"000002261";"11805";H;"30";Доп.заказ Карандаш Stabilo c ластиком, 2В
"246657";"000000934";"14652";О;"15";Тонер-картридж Xerox 006R01462 жел. для WC7120
"274754";"000002261";"11805";H;"30";Доп.заказ Набор для наст. тенниса LEVEL 100 [2 рак.+3мяча] (61-200)
"307277";"000000398";"13633";С;"08";Сервис BN_Слитные спинка/сиденье Echair-523 ML
"328331";"000002261";"11805";H;"30";Доп.заказ Детектор ультрафиолетовый DORS 125 /SYS-033272
"335557";"000000398";"13633";С;"08";Сервис VT_Спинка 6009060
"342975";"000000635";"12619";О;"08";Кресло BN_Dt_Руководителя Echair-541 TL кожа коричн., хром
"367201";"000000618";"13633";С;"08";Сервис SP_ЭКО 210 099 Полка орех
"375765";"000000501";"13633";H;"09";Пломбиратор /54326/ Пломбиратор 1-я стор.ЕВРОСЕТЬ-РИТЕЙЛ, 2-я стор.S603
"407431";"000000775";"13633";H;"13";Новогоднее украшение подвеска Ключ , 3 варианта, 16 см, 602461
"410277";"000002400";"13633";H;"45";Тетрадь рабочая 6-7 лет,Прописи,Буквы 20416
"411660";"000000370";"13633";H;"08";Мягкая мебель С.З MV_Матрикс кресл1лев/подл(М1L-1) к/зчернOr 16
"416453";"000002261";"13633";H;"30";Сервисное обслуживание Аккумулятор MacBook 13  А1342
"420029";"000001053";"14468";H;"22";Респиратор Силв-Эйр UVEX 8733.210 15шт/уп
"433069";"000002261";"11805";H;"30";Грабли /73090/ PALISAD веерные 22 зуба б/черенка 13699560
"438328";"000002817";"13465";H;"63";Набор для шитья украшение для комнаты Праздник MeLala 55234
"555162";"000003145";"13633";H;"71";Тендер Таз ПМ 8,0л прямоуг БП408(50) /02116/
"619225";"000000626";"13633";H;"08";Тендер_Шкаф распашной большой  (Л.И. Опт)
"623047";"000001258";"11805";H;"24";xИнд.заказ 90332-1 Папка Папка  конверт пластиковая с кнопкой прозрачная ма
"638421";"000003715";"12373";H;"82";Тендер Пленка белая глянцевая 1.26х50м Orajet 3640-10G
"641794";"000002232";"15088";H;"46";Датчик Регулятор мембраны Delonghi ECAM
"676000";"000000618";"11805";С;"08";Сервис Ф_ДИРЕКТОР Столешница ДР-СТГ240х120-В1-35 м.орех св.
"703805";"000002159";"26056";H;"45";Бусины деревянные , WDB0170, 10x12мм, 40шт/упак, цв.микс
"722241";"000000063";"13633";H;"05";Указка лазерная светодиод+ кр.лазер+ручка +КПК+детектор купюр RP-36 v_rz
"742625";"000001199";"11805";H;"13";Тендер Папка д/бумаг А4 синий нат.кожа кор. 1см. Тисн. Герб РФ
"765009";"000000837";"26276";H;"14";Нектар Моя Семья яблоко-персик-абрикос 1 л (12 штук в упаковке) НВСБ
"768266";"000003552";"11805";H;"16";Бесплатные образцы Халат муж. смесовый/у03-ХЛ синий(р.48-50) 170-176
"769534";"000001086";"13633";H;"22";Спец.одежда зимняя с лог Костюм Эксперт-2011 син/орн 52-54 170-176 102410-1
"803570";"000000618";"11805";С;"08";Сервис AT_Easy school+Дно шкафа клен
"808326";"000002744";"14140";H;"60";Смартфон Samsung Galaxy S8+ 64 Gb SM-G955FZKDSER черный бриллиан У
"844271";"000001258";"11805";H;"24";xИнд.заказ 108462-1 Табличка индивидуальная
"867480";"000001002";"25461";Q;"18";Пенал б/н MagTaller, Boxi, Flowers, 20,5х14х3,5 см, 32616-18
"872868";"000000137";"11892";H;"06";Ноутбук Acer Swift 3 SF315-51-55TM i5 7200U/8G/256G/15/W10(NX.GQ5ER.004)
"882857";"000000648";"11999";H;"10";Дырокол Attache до 25 листов, цвет черный
"932392";"000004513";"29860";R;"45";Набор для творчества полимерная глина LAPSI 7классических цветов,7107-08
"966812";"000000953";"11805";С;"17";Ящик п/э 600х400х300 сплошной, с крышкой, цвет в асс-те У
"968642";"000000635";"12619";H;"08";Уценка Кресло BN_Dp_Руководителя EChair-604 RT рецикл.кожа черная,01В
"1027749";"000001100";"13633";H;"22";Спец.гол.убор с лог Бейсболка Комфорт т-зел 120390-2
"1071035";"000000302";"11805";S;"08";Тумба мобильная RP-32 Рио Проджект (белый) 42х45х56
"1103271";"000000137";"13380";H;"06";Ноутбук MSI GL65 9SDK-083XRU (9S7-16U512-083) i59300H/8G/512G/15.6/6G/DOS
"1143555";"000002644";"33170";И;"58";Выключатель автоматический модул 2п C 6А 4.5кА SH202L,ABB(2CDS242001R0064)
"1143577";"000004590";"13633";H;"22";Костюм рабочий зимний с лог з03-КПК вас/син 48-50 170-176 127627-3
"1198480";"000000451";"13633";И;"08";Товары для отдыха PR_Стул пластиковый Rattan 506х580х833мм,сливочный
"1203527";"000003901";"12486";Б;"06";Кулер Deepcool CK-11508 V2 Soc-1150/1151/1155/ 3-pin 25dB Al 65W 245gr Ret
"1206010";"000002427";"11805";J;"50";Конт.для холод.блюд Емкость ТВ-200 (ПЭТ) (1000шт./уп)
"1208742";"000005004";"13633";П;"08";Мебель Аргентум Модуль двойной универсальный НТМП.ПО.Б2-120Эграфит/бел
"1234579";"000002739";"13315";H;"60";Система для видеоконференций Logitech(960-001224)  Rally Plus Ultra-HD
"1240632";"000001258";"11805";И;"24";xИнд.заказ 131369-3 Набор 1
"1256119";"000004520";"13230";R;"45";Набор для творчества Выращивание кристаллов.Фигурки Снеговичок, Крф-004
"1264854";"000000781";"26973";П;"13";Гирлянда светодиодный дождь 2х6м постоянное 230 В ТЕПЛЫЙ БЕЛЫЙ 1140 235-176
"1265564";"000004075";"24835";П;"58";Фонарь ручной ЯРКИЙ ЛУЧ L-3500 ENOT IPX7,акк. 26650 5000mAh,встр.ЗУ
"1270532";"000005260";"13446";И;"70";Диск пильный по дереву 305х30 мм 72T Matrix (73283)
"1281613";"000000810";"41023";П;"14";Печенье Milka с молочной начинкой, частично покрытое молоч.шоколадом, 187г
"1329604";"000001097";"13633";S;"22";Полукомбинезон рабочий летний мужской  Л10 васильковый 52-54/170-176
"1335323";"000000953";"11805";С;"17";Сырье д/произ-ва Фольга Alufin Matt AS серебро  61смх122мх4
"1354327";"000000377";"12617";И;"08";Мягкая мебель MV_ERest_BAYU кресло PU Ecotex 3028 (бежевый)
"151225";"000002261";"11805";H;"30";Доп.заказ Тарелка десертная ТРИАНОН
"153080";"000002095";"11805";H;"43";Экструз пр-во PS Пленка PS (781х400) коричневая 4001293
"161658";"000000380";"13633";H;"08";Многоместная секция UD_РИМ1 3 секции КМ 5-03 черный/терракот/махагон
"169319";"000002261";"11805";H;"30";Доп.заказ Эмаль ПФ-115 Virtuoso ГОСТ белая глянцевая 20 кг Ral-9010
"322658";"000000984";"15461";H;"18";Карандаши цветные 12 цветов Princess
"368141";"000001255";"13633";H;"22";Средство защиты рук Аквамарин, 5л.
"386124";"000001006";"14796";H;"18";Тетрадь общая 48л,клет,А5,скреп,иридиум,фольг,Динамика,5диз,7-48-257
"398800";"000001259";"11805";С;"27";Произв инвент ИЭ Шлифмашинка Makita B06040
"429580";"000002261";"13633";H;"30";Календарь настенный  Беспечная овечка  (2015), 15х35 см (арт. bov01)
"453994";"000000868";"15260";H;"14";Макароны  Макфа  Спагетти 0,4кг
"467067";"000001607";"13994";H;"35";Сумка Loopshopper M patchwork green
"470203";"000000392";"13633";С;"08";Сервис BN_Dt Крестовина 350мм черная
"473905";"000000300";"12576";H;"08";Мебель I_Станция 2РМ(552,553,554x2)тем.д/сер (030,560) Ш1654
"492210";"000004017";"12120";H;"35";Фоторамка -маркеры Taggit 7 шт.
"525263";"000002802";"13633";H;"63";Плита Электрическая IR-8120 /95547/
"533401";"000002421";"11805";U;"50";Термоформ. пр-во Емкость РК-25 (Т) (КЛ) (0RH)
"537337";"000002177";"13230";H;"45";Набор для творчества Сц-017 Комплект №17
"602616";"000000137";"12935";H;"06";Ноутбук HP Probook 430 G3(P4N83EA)13/i5-6200U/4GB/500GB/4G/W10
"622535";"000002261";"13633";H;"30";Бонусная программа  26_Антистресс Футбол 6193
"625643";"000003552";"13746";H;"16";ROZ Фигуры для витрин Гриззли (Лесная)
"651237";"000002261";"13709";H;"30";Тендер Лампа металлогал 4200К RX7s-24 Osram
"653318";"000002261";"11805";H;"30";Тендер Клещи М266F токоизмерительные цифровые Mastech
"654535";"000002095";"11805";С;"43";Экструз пр-во PS Пленка PS (740х350) Зеленая МФ3502333
"722435";"000003035";"13633";H;"70";Клей Моментальный LAKMAFEN UNI 2 g
"764928";"000003176";"12194";H;"72";Ручка шариковая FreshWrite. Ромашки 0,7 мм синяя 20-0214/02
"779147";"000000301";"13633";И;"08";Мебель RIVA Экран А.ЭКР-3 венге цаво Ш1400
"825539";"000003900";"13051";H;"06";Видеокарта Inno GTX 1060 (N1060-6DDN-N5GM)
"858235";"000000291";"13633";И;"08";Мебель для дома MF_Стеллаж Рикс-4 ,дуб молочный,
"870533";"000001258";"11805";H;"24";xИнд.заказ 110078-16 Журнал индивидуальный  11
"883963";"000003786";"11805";H;"06";Доп.заказ Свитч HDMI Logan Spl-04-04
"886744";"000001825";"14960";W;"42";Гель универсальный Ультрагель 5кг/бут. высокой вязкости, 4 шт/уп
"915595";"000002159";"28688";H;"45";Набор для творчества Мозаика Троицкий Собор,lzg067
"933169";"000000626";"11805";H;"08";Мебель ВОКСТОРП Фронтальная панель ящика матовый белый, 60x40, 603.674.30
"956076";"000002634";"13633";H;"58";Коробка распределительная TYCO 100х100х50 IP54 (67050)/141984/
"986423";"000000137";"11892";H;"06";Ноутбук Acer SF314-55-78SP (NX.H5WER.006) i7 8565U/8Gb/512Gb/14/int/W10H
"1106497";"000004016";"27443";H;"35";Свеча средняя в стеклянной банке Золотистый каштан  411 гр 1623471E
"1119579";"000001258";"11805";H;"24";xИнд.заказ 125682-8 Папка бумажная вырубная
"1123552";"000001258";"11805";H;"24";xИнд.заказ 126246-16 Номерки для 171 Квартал Сочи Р
"1132805";"000001258";"11805";H;"24";xИнд.заказ 127130-2 Кружка Gain белый/синий
"1159090";"000001006";"14809";О;"18";Тетрадь общая А5,48л,кл,скреп,обл.офсет,бл.офсет-2 Весёлые кактусы С3614-34
"1176833";"000004590";"13633";H;"22";Трикотаж с лог Футболка 160г кор рук вас XXL 129730-4
"1200262";"000004859";"28260";П;"35";Бутылка On the go 650 мл белая арт.11670111
"1203639";"000001765";"13633";S;"41";Журнал учета медицинских отходов класса Б в клинике30 л, мяг обл
"1218448";"000002934";"13633";S;"67";Кронштейн ТАНС.45.144.000(14.П2-0.2-0.35-Ф2-ц) OPORA ENGINEERING OE-06167
"1234373";"000003111";"13633";S;"71";Мешок для бережной стирки белья 50смx60см ДС-87 Домашний Сундук
"1262396";"000002231";"15088";И;"46";Площадка отделения Brother (торм.) в сборе ADF MFC-L2700DWR (LX9751001)
"1287262";"000000291";"13633";S;"08";Шкаф напольный 400х540х850, ясень шимосветлый
"1318720";"000005148";"29501";P;"18";Модуль Звук
"1371636";"000003747";"29446";И;"86";Картон упаковочный MetsaBoard Pro FBB OBAfree 230г 620х1016 S Ч
"1386304";"000002833";"14499";V;"63";Уценка Кулер для воды напольный VATTEN V28WEA электронный(Товар№4)
"1389345";"000004414";"13054";Т;"06";Сетевая карта (E0X95AA) Intel I210-T1
"1411147";"000003076";"13633";S;"70";Муфта ПП 63 (бел) ПП040107
"1413352";"000004590";"13633";S;"22";Спец.одежда летняя с лог Костюм м л20-КПК син/красн 52-54 182-188 142512-14
"56071";"000000729";"13279";О;"11";Папка-регистратор Leitz 180°L-1010, 80мм черный, бум/лам.картон, карм.кор
"155859";"000000933";"12935";D;"15";Картридж лазерный HP 504A CE250A чер. для LJ CP3525/CM3530
"236848";"000001093";"13633";H;"22";Спец.одежда летняя Костюм летн. Челси  кур/бр(р.48-50)р.170-176
"284903";"000000632";"13633";И;"08";Кухня OV_Мини Ринг КМ 975 венге
"289726";"000000390";"13633";С;"08";Сервис UN_Конференц основа каркас метал.011060-CH
"296618";"000002261";"11805";H;"30";Доп.заказ Ковш 1.5 л, эмал., 2008/4М (185625)
"316817";"000001006";"20913";H;"18";Тетрадь 48 л А5 Ассорти 5 шт/уп на скобе СОЧИ-2014
"329289";"000003819";"14903";H;"35";Сувенир наклейка Овцы
"338975";"000002261";"13633";H;"30";СПб Доп.заказ /47065/ Колпачок на коннектор J-45 серый
"368663";"000002261";"11805";H;"30";Тендер Штамп S 110 Склад столовая  ЛАК 2
"392837";"000001743";"12143";H;"36";Вода питьевая Система питьевой воды Офисные родники (корпус белый)29
"403069";"000002803";"12461";П;"63";Холодильник Daewoo FR-051AR
"463915";"000002261";"13633";H;"30";Сервисное обслуживание Xerox WC M15 ракельный нож,
"513487";"000000325";"13633";H;"08";Тендер TN_Тумба-купе 1540*390*920 с оклейкой ( полки закрыт)
"536609";"000000952";"11805";С;"17";Сырье д/произ-ва IN6514336 1008287 Лампа LED жёлтая AC/DC24V 3SB3403-1PA
"561691";"000002261";"11805";H;"30";Сервисное обслуживание Ролик захвата бумагииз кассеты Kyocera 302K906370/2K
"619254";"000000571";"13633";H;"09";Расходный комплект Каналы цв с покрыт. O.Channel А4 304мм 20мм син 10шт/уп
"619682";"000001258";"11805";H;"24";xИнд.заказ 89977-5 Еженедельник Еженедельник недат Bruno Visconti City, кож
"637634";"000003105";"14561";H;"71";Губка Виледа (черный образив) арт.102565/0702 р.губки 150х70мм
"669388";"000002353";"13633";H;"35";Мяч резиновый 150 мм/30707/
"670760";"000000307";"11805";H;"08";Доп.заказ ТАЛАНТ Шкаф для док. со стеклянными дверьми 80x45x195.5,шок
"671704";"000003785";"12935";H;"06";Коммутатор HP 1820-48G (J9981A) Switch
"675471";"000004104";"15152";H;"34";Ремонт принтера Замена шестерни Samsung SCX-4200 (Омск)
"696106";"000000324";"13633";H;"08";Мебель Ф_ЛИДЕР Тумба моб.ЛДР-ТММ43х46/25 дуб ферр.
"737505";"000004123";"13633";H;"35";Музыкальный центр ретро с пультом 98827
"744023";"000002354";"13864";H;"35";Рюкзак Polar П222-05 черный
"794402";"000002529";"13633";H;"53";Тендер бумага PAPERLINE IVORY 100 160г/м2А4/82250/
"794620";"000003964";"11805";H;"59";Доп.заказ Набор чайный Luminarc Quadrato, цвет: белый, 12 предметов
"816516";"000002261";"11805";H;"30";Доп.заказ Дюбель для гипс. с насадкой/дрели,23мм,100шт,ЗУБ Мастер 4-301255
"841614";"000000387";"11805";H;"08";Тендер Порог ПО прямой открыт.крепление, серебро анод. 37x2700мм, шт 163882
"847293";"000001258";"11805";H;"24";xИнд.заказ 108646-40 BC01, Мельник Карина Даниелова
"870803";"000000300";"13633";П;"08";Мебель 01B_02M_RIVA Стол м/к левый ПЛ.СА.-3 Л серый Ш1400
"882425";"000003900";"11996";H;"06";Видеокарта ASUS ROG GF GTX 1080 TI 11G Ret(ROG-STRIX-GTX1080TI-11G-GAMING)
"884961";"000000501";"13633";H;"09";Пломбир под пластилин с гравировкой Агроторг - N 10280/116638/
"889539";"000001258";"11805";H;"24";xИнд.заказ 111173-14 Кружка 300 мл, керамика, желтая, с ложкой,  ЛАНЧ
"892288";"000003175";"12194";Q;"72";Ручка шариковая HappyClick Мишка на луне 0,5мм синяя 20-0241/01
"899974";"000001030";"13633";H;"22";Ботинки Лига-эконом мет нос утепл (р.36) (ВА4112муb)/(ВА4012му)/(В-ВА412му)
"962420";"000002569";"11805";H;"54";Очиститель 3М для снятия клея Cleaner Spray цитрусовый (500мл) 50098
"973246";"000000577";"13633";H;"09";Доп.заказ Для замочных скважин ГлазокГлазок/145270/
"1024872";"000002569";"11805";H;"54";Аэрозоль 3М Stainless Steel Cleaner  средство д/чистки нерж.стали (600мл)
"1039810";"000001258";"11805";H;"24";xИнд.заказ 120752-7 Пакеты бумажные вырубные 360х255х100мм
"1044566";"000004447";"31485";H;"09";Кнопка NOVIcam B60TL v.4260  сенсорная накладная с контактами и подсветкой
"1051191";"000001002";"12956";H;"18";Пенал Hatber Street eXtreme 190х115мм 1 отделение на молнии, NPn_66030
"1057184";"000000302";"11805";S;"08";Мебель PT_Тумба АТ-10 ясень шимо, F0000003670
"1090270";"000001095";"13633";H;"22";Куртка мужская летняя Бавария цвет св-корич и т-корич, Р 128-132/182-188
"1107526";"000001258";"11805";H;"24";xИнд.заказ 124707-2 Термокружка, белый металлик, Contigo West Loop
"1115090";"000001258";"11805";H;"24";xИнд.заказ 125218-1 Кружка Best Morning c покрытием софт-тач, оранжевая
"1119539";"000000305";"12576";H;"08";СпецМеб Easy St Топ к тумбе прист. 904011 сосна/сер. (112)/958917И
"1130294";"000001258";"11805";H;"24";xИнд.заказ 126711-5 Ежедневник BRAND, недатированный, синий
"1148843";"000000137";"13380";H;"06";Ноутбук MSI GL65 9SCK-012RU(9S7-16U412-012)i7 9750H/8192Mb/512PCISSDGb//W10
"1149477";"000004616";"13633";H;"22";Рубашка директор муж. белая с полоской 54 (164)
"1170893";"000001020";"13196";H;"18";Альбом для рисования Kroyter 30л А4,гребень,обл.имп.карт,бл.100гр 00128
"1205250";"000000182";"36413";H;"06";ПО Astra Linux SE 1.6 МинОбор Смоленск+техпод Стандарт 1Y/100150116-104
"1225994";"000001258";"11805";S;"24";xИнд.заказ 131326-9 (П) Визитки
"1230155";"000002717";"13633";S;"59";Кастрюля алюм. 15л (Б.Калитва) 14150
"1231843";"000005211";"13412";D;"70";Пилка для лобзика T118A 5шт/уп В22 HSS 76/1.1мм рез-3мм Makita A-85737
"1234176";"000000300";"13633";П;"08";Мебель PT Арго Стол письменный АМБ-004.60-6 бук/антр
"1362631";"000004537";"13633";S;"22";Костюм медицинский мужской белый/серый (размер 56-58,рост 182-188)
"59199";"000002443";"13633";J;"50";Упак.кондит.изделий Коррекс КР-П КОРИЧНЕВЫЙ (1000шт./уп)
"199593";"000001031";"13633";В;"22";Сапоги Марс,нат.кожа+кирза,иск.мех,ТПУ(р.42)
"373124";"000000622";"13633";С;"08";Сервис ПРАКТИК AFC Ящик Держатель А4 05.02.009
"376584";"000001192";"12602";О;"11";Картотека А6 на 1200 карточек 52240D
"442987";"000002621";"13633";H;"58";Удлинитель 50м, бублик, 1 розетка, ПВС 2*0.75, 230В,10 А,2300 вт.
"457151";"000002261";"13633";H;"30";Пленка /77901/ Пленка белая матовая, рулон 5 м.
"506842";"000000764";"21009";H;"13";Новогоднее украшение подвесн. Красный конек арт.38658
"519956";"000003786";"14350";H;"06";Маршрутизатор TP-LINK TL-WR941ND 450M (2,4ГГц,450Мбит/с,4LAN)
"520666";"000000999";"21128";H;"18";Рюкзак школьный №1 School Fly ортопед. спинка
"558686";"000000086";"13633";H;"05";Доска пробковая 100х150 деревян. рама Комус rozn
"566622";"000001103";"13633";H;"22";Халат рабочий 87585-5 жен. смес. у03-ХЛ, вас/т-син,(р52-54,158-164)
"569543";"000002238";"20920";H;"46";Картридж струйный CANON CLI-451XL C (cyan) CLI-451XL C
"606358";"000004104";"15152";H;"34";Восстанавление картриджа Panasonic KX-FAT92A <Тамбов>
"606453";"000001095";"13633";H;"22";Куртка 89017-2 муж. Темп/л03-КУ син/вас (р.60-62) 182-188
"623182";"000001252";"15408";H;"18";Браслет светоотражающий Гонки (87.123)
"637829";"000002743";"14686";H;"60";Мобильный телефон ZTE R550 черно-голубой
"698992";"000000553";"14164";H;"09";Сплит-система Scarlett RRI 12-M3G8  из 2частей
"717993";"000003979";"24531";H;"35";Лодка надувная Челленджер-2 68367
"720016";"000000618";"11805";С;"08";Сервис ME_Стойка передняя D8M металлик
"728666";"000002142";"13633";H;"45";Набор бумаги для скрапбукинга двусторонняя, СКБ-002
"731499";"000003907";"13164";H;"06";Модуль памяти Kingston DDR-III 8GB (PC3-10600) 1333MHz CL9/KVR1333D3N9/8G
"732080";"000002261";"11805";H;"30";Доп.заказ Набор косца Косарь № 6 с дер. Косавищем_
"740636";"000005008";"12223";И;"64";Весы напольные PB-150 с пред.150 кг
"743922";"000002506";"14191";H;"52";Портмоне Sergio Belotti 3528 ancona brown мужской
"744121";"000000160";"12494";H;"06";Системный блок DELL Optiplex 7050 SFF (7050-8336) i7-7700/8GB/1TB/W10Pro
"750386";"000001258";"11805";H;"24";xИнд.заказ 100780-1 Зонт-трость Зонт-трость Unit Promo, зеленый
"759626";"000000586";"13633";H;"08";СПб Доп.Заказ /69170/Замок и шпингалет для двер.ЛДСП
"815108";"000003785";"11805";H;"06";Доп.заказ Коммутаторы до 1000Mbps Ubiquiti UniFi Switch 16(150W) s158447
"821724";"000004108";"28073";H;"76";Салатник проз.крыш ECO OpSalad 150х150х50 900мл 150шт/уп
"831348";"000000303";"13633";H;"08";Уценка Easy St Тумба приставная 904010 т.дуб/сер.(570)3 ящ./
"893599";"000003494";"11805";H;"70";Набор угловых шестиграников 1,5-10мм, 9 пред. S2 матер. H01SM109S 047090
"900573";"000000994";"11805";H;"18";Обложка ПВХ 240 х 345 мм, 110 мкм, для прописей Горецкого
"902090";"000001634";"15443";H;"35";Пиратский корабль + конструктор Полесье (30 элементов, в коробке) 62246
"939480";"000001738";"29967";H;"35";Карта подарочная Читай-Город 2000р
"954913";"000002512";"13864";H;"52";Уценка Чемодан Polar салатовый  пластик ABS  малый 63,5 л Р12016
"961809";"000003080";"11805";H;"70";Труба гибкая подводка для воды 50 см 3/4 в/н
"990746";"000003817";"28695";H;"35";Грунт для томатов и перцев Фаско Малышок 5л Тп0102МАЛ01
"1000994";"000000999";"12194";П;"18";РЮКЗАК СИНИЙ  С ЭРГОНОМИЧНОЙ СПИНКОЙ БОЖЬИ КОРОВКИ.ЦВЕТЫ 12-001-052/02
"1003686";"000001258";"11805";H;"24";xИнд.заказ  119018-1 Оснастка для круглой печати COLOP R45
"1022978";"000004700";"30806";H;"10";Блок для записей Я принес тебе кофеёчек и обнимашки 3860949
"1025518";"000000639";"12519";H;"09";Проектор Digma DiMagic Cube черный (DM001)
"1072402";"000004669";"14652";И;"66";Финишер -брошюровщик Xerox BR с перфорацией (097S04982)
"1115290";"000001728";"13633";П;"35";Термостакан Gems Green Emerald, зеленый изумруд 1907.92
"1126171";"000004180";"34690";H;"51";Туалетная вода Issey Miyake L'eau D'Issey Sport pour homme edt 100 ml
"1132016";"000000160";"12935";H;"06";Системный блок HP ProDesk 400 [4CZ70EA] i5-8500/8Gb/256Gb DVDRW/Win10Pro
"1137889";"000002927";"12272";H;"66";Принтер Canon PIXMAMP160
"1166625";"000004590";"13633";H;"22";Спец.одежда летняя с лог Костюм л10-КПК т-сер/с-сер 48-50 182-188 129126-8
"1169668";"000001022";"14809";D;"18";Папка для черчения 10л,А4,160гр. с вертикальным штампом С0111 в ассорт
"1180494";"000003818";"13268";П;"35";Кашпо Кьюб Коттедж 50 Мокко с системой полива 15395
"1224122";"000002870";"12188";S;"64";Принтер д/печ наклеек Brother PTE-110VP+10 допкассет с лент(PTE110VPR1BUND)
"1251129";"000000747";"12000";D;"11";Папка-конверт на кнопке  А4Attache Sel-on SWEET LIFEас325х215мм200мкм5шт/уп
"1265969";"000002786";"11988";И;"62";Полотенце Arya Жаккард Бархатное 50X90 Sabino Зеленый500 гр/м2
"1268008";"000002547";"27528";П;"54";Крем-мыло ФАВОРИТ 5 л Нейтральное
"1305308";"000000587";"13633";S;"08";Жалюзи горизонтальные /Белый глянец (25 мм.) 1730мм. Х560мм
"1322668";"000004588";"11805";S;"41";xИнд.заказ 137251-1 (А) Блокнот индивидуальный А5
"1331639";"000004590";"13633";S;"22";Костюм рабочий зимний с лог з20-КПК свзел/зел 44-46 170-176 137745-2
"1421997";"000000154";"12431";V;"06";Уценка ИБП CyberPower BU600E (3евро/360Вт)(Товар№3)
"189439";"000002095";"11805";H;"43";Сырье PS д/ф-ки Пленка PS (510х350) белая С
"324347";"000002261";"13633";H;"30";СПб Доп.заказ /43273/ Стекломой L-33 + черенок телескопический 200см
"345212";"000000158";"13219";H;"06";Монитор 23 LG 23EA53T 1920x1080/IPS/5ms/D-Sub/DVI-D
"357480";"000002784";"14995";H;"62";Постельное белье 2-сп. Армани, ткань поплин 100% хлопок
"357619";"000002261";"13633";H;"30";Комус Шанс 610_Чайный набор (12 предметов) IRH-309F
"359884";"000002261";"11805";H;"30";Доп.заказ Котел 37л нерж.утолщ.дно сэндвич36х36см с кр. Кт418 LUXSTAHL
"374926";"000003175";"13633";H;"72";Ручка шариковая автоматическая Гранд,цв. чернил синий,цв.корпуса черный
"413787";"000002094";"11805";H;"43";Экструз пр-во BOPS 3К Пленка BOPS (725х350) пр 1,8 ОФ Б (д.изг. 20/06/14)
"457306";"000002261";"11805";H;"30";Доп.заказ Валик маляpный 20 cм
"474315";"000002261";"11805";H;"30";Доп.заказ Пяльца d - 210
"485205";"000000837";"20960";H;"14";Нектар  Тамара  малина, 0,33 л, 20 шт./уп.
"489540";"000002400";"20941";H;"45";Раскраска Арт-терапия.Рисуйте,чтобы снять стресс,6929
"489541";"000002400";"20941";H;"45";Раскраска Великолепная раскраска для девочек,5560
"497575";"000002549";"12335";H;"54";Освежитель воздуха CHIRTON Ландыш 300мл_СЦ
"507431";"000002572";"13156";H;"54";Флакон-распылитель Kiehl 500 мл., цвет зеленый (пенный распылитель)
"527233";"000004104";"15152";H;"34";Восстановление картриджа HP Q6460A <Волгоград>
"628760";"000001885";"25170";H;"42";Средство д/гигиены носа Аквалор норм 125мл спрей
"632591";"000002261";"12171";H;"30";Доп.заказ Аккумулятор BOSCH S5 013 Silver Plus 600 402 083, 100е Ач'
"644320";"000002922";"12935";П;"66";МФУ HP OfficeJet 252 Mobile AiO Printer (N4L16C)A4 10стр 3in1
"662994";"000002744";"13633";H;"60";Смартфон Samsung Galaxy J1 mini SM-J105 8GB (2016) золотистый v-si
"673769";"000002454";"24446";H;"51";Подарочный набор мыла ручной работы Море деликатесов МН-02
"719027";"000000137";"12935";H;"06";Ноутбук HP Probook 440 G4(Y7Z78EA)14/i3-7100U/4Gb/500Gb/DOS/NSK
"719822";"000002261";"11805";H;"30";Доп.заказ Электромегафон МЕТА _2630 c выносным микрофоном и MP3
"734286";"000001258";"11805";H;"24";xИнд.заказ 100012-5 Визитки BC04, Геранкова Анастасия Александровна
"767760";"000000618";"11805";С;"08";Сервис Mon_Вектор Полка 05.00061 честерфилд тем
"789911";"000001258";"11805";H;"24";xИнд.заказ 104146-4 планнинг индивидуальный 1
"817922";"000002217";"15088";H;"46";Ремонт 2-й категории принтера HP 2055 ч/б(ВР)
"839496";"000003794";"11805";H;"70";Доп.заказ Дюбель универсальный 6x52 тип U, борт (1000 шт)
"871768";"000002331";"27443";H;"35";Аромадиффузор с палочками 88 мл Розовые пески 1348803E
"873575";"000000520";"12453";H;"09";Уценка. Детектор банкнот (валют) DORS 210 Compact автомат, RUB уц_тех
"884220";"000001077";"13633";H;"22";Каска 3М PELTOR G3000 /115874/
"899448";"000000137";"12935";H;"06";Ноутбук HP 250G6(2SX59EA)15/N4200/4G/500G/DVD/Int/DOS
"900338";"000002672";"15152";О;"59";Стакан одноразовый 100мл Комус, для хол/гор., ПП 100шт/уп
"953897";"000001258";"11805";H;"24";xИнд.заказ 116170-2 Ежедневник New Brand, недатированный, синий
"955501";"000002261";"11805";H;"30";Доп.заказ 80
"983807";"000000309";"13633";U;"08";Мебель 0K3_SL Simple Дверь высокая SD-5BR правая дуб сонома
"1008173";"000003106";"30812";D;"71";Совок HACCPER ручной 9101 G зеленый
"1069216";"000001258";"11805";H;"24";xИнд.заказ 122563-4 Визитки, Без разновидностей
"1082253";"000001592";"32242";D;"35";Набор стопок Барокко 60мл 6шт/уп арт.837
"1095997";"000003475";"13633";H;"68";Кронштейн ТВ4 транспортный (с металлической защелкой для ОП-4) (d = 150 мм)
"1104540";"000000728";"15152";H;"11";Папка-регистратор Комус Стандарт 50мм бирюзовая_Т
"1107234";"000001560";"26754";H;"35";Светильник Ким 2xE27x60Вт натуральный 240-71-22
"1109318";"000003490";"12194";H;"70";Нож канцелярский 18 мм Bruno Visconti UNICUT, резиновое покрытие
"1123219";"000004590";"13633";H;"22";Костюм рабочий зимний с лог з12-КПК син/вас 44-46 158-164 126082-4
"1183238";"000003522";"12627";D;"72";Маркер перманентный EDDING 2000C/6 оранжевый 1,5-3мм металл.корп
"1206754";"000003614";"14196";И;"09";Фильтр угольный Sharp FZD60DFE,для модели KCD61R
"1237916";"000002826";"14225";П;"63";Утюг Sinbo SSI 6619 2400Вт фиолетовый/белый Екат
"1265627";"000000300";"13633";H;"08";СпецМеб 1L5_ПОН Стол компьютерн,800x500x750,ЛДСП 25мм,т-вишня
"1278935";"000004590";"13633";S;"22";Трикотаж с лог Футболка 160г кор рук вас XXXL 132944-8
"1286027";"000000137";"11996";H;"06";Ноутбук ASUS X712FB 17.3/i3-10110U/4Gb/512Gb/2Gb/W10 (90NB0L41-M04720)
"1304831";"000004590";"13633";S;"22";Спец.одежда зимняя с лог Куртка ж зим з10-КУ 60-62 170-176 135512-5
"1307896";"000000501";"13633";S;"09";Пломбир п/пластилин d25мм с гравировкой Кассир2 ТК-82
"1323228";"000004590";"13633";S;"22";Спец.одежда зимняя с лог Куртка з32-КУ син/вас оксф 56-58 182-188 137177-10
"1361365";"000005238";"32434";И;"70";Отвертка c трехкомп. рукояткой РZ1х38 мм Дело Техники 723012
"1371149";"000002745";"13086";H;"60";Гарнитура Jabra EVOLVE 65 MS Stereo // [6599-823-309
"1359493";"000003176";"12194";L;"72";Набор шариковых ручек HappyWrite.Джинса/Шокол.серд.0.5мм,син,20-0215/1415
"1371992";"000001258";"11805";S;"24";xИнд.заказ 140180-1 (П) Визитки 11
"1399102";"000000332";"13633";S;"08";Полка яруса MS Pro 80х30 4шт./уп
"1243145";"000003866";"14480";H;"61";Уценка Светильник Uniel TLD-512 серебро, LED, сенсорный
"1275886";"000000634";"13633";V;"08";Уценка 01В Кресло UP_EChair-203 PTW net ткань черная, сетка оранжевая, хром
"1307280";"000003791";"25255";P;"06";Патч-корд Hyperline PC-LPM-UTP-RJ45-RJ45-C5e-0.5M-LSZH-BL Cat.5e 0.5м
"1330048";"000001224";"12653";И;"15";Картридж Epson T6162 C13T616200 голубой для B300/B500
"1366537";"000001094";"13633";И;"22";Спец.одежда летняя Костюм муж. л23-КПК  сер/красн р.60-62/182-188 ЧЛБ
"1410220";"000003748";"29446";И;"86";Картон упаковочный MetsaBoard Pro FBB OBAfree роль 230г ф.894 вт.153
"1411587";"000000761";"13633";P;"13";Ель комнатная Нордман 240 см 156-334
"1422669";"000003176";"13633";Т;"72";Ручка шариковая Dolce Costo прозр.корп синяя 1мм
