"material","asgrp","brand","matcateg","matdirec","txt"
128047,4104,15152,У,34,Восстановление картриджа HP 12A Q2612A <Нижний Новгород
177415,2261,11805,H,30,Тендер Журнал складского учета материалов 130070/КУ-522
219595,2261,11805,H,30,"Тендер Жалюзи вертикальные 6,4 м, 2 окна, каб. 709"
248819,996,21128,H,18,"Папка для тетрадей №1School,Феррари красная,А5,молния вокруг"
294075,1580,13633,H,35,Вешалка 7399СМ3 Набор из 3-х вешалок с картинкой СМЕШАРИКИ
333636,2261,11805,H,30,Тендер Пурифайер Ecotronic B20-U4L
373043,137,13284,H,6,"Ноутбук Lenovo IdeaPad G710 (59397886) 17,3/i3-4000/4/500/G720/W8"
413697,4029,15384,H,35,Конфеты Для дрессировки мужчин Орз-0253
450444,1722,12120,H,35,"Платформа изогнутая большая Big Curved Adhesive, AEE, арт. М08"
467658,2261,13633,H,30,"Тендер Зубной порошок Особый, 55гр."
493448,2261,13633,H,30,Тендер Бумага креп. 50*250см. Альт Цветная желтая
514311,2254,12434,H,48,"Вино д'Аренберг Стамп Джамп Лайтли Вудид Шардонне бел. Сух. 0,75"
530778,2094,13633,U,43,"Экструз пр-во BOPS Пленка BOPS (760х250) прозрачная 1,8 ОФ (1BS)"
535010,2432,11805,U,50,Термоформ. пр-во Емкость СМ-450 (0RM)
607842,957,13633,H,18,"Литература Атлас + К/К + зад. История России 20 -начало 21вв, 9кл 71659"
617507,618,11805,С,8,Сервис ED Форум/Статус/Консул Крышка Фр-6.0 дуб мол. В1945
637541,3480,13446,H,70,Домкрат гидравлический бутылочный 5т 216-413мм в пласт кейсе MATRIX (50756)
688000,1094,13633,H,22,Спец.одежда летняя с лог Костюм м л15-КПК ср/чрн к/пк 56-58 182-188 96606-9
705613,954,13633,С,17,"Сырье д/произ-ва Бумага облож СКБМ ф. 72см 80г цвет 8,2 зелен"
712092,3169,14283,H,72,"Ручка капиллярная STABILO Point88, цвет голубой 88/31"
731309,3906,14140,H,6,Жесткий диск SSD 2.5 250 Gb Samsung/MZ-75E250BW
760538,214,11835,И,7,Клавиатура A4 KD-600L черный USB Multimedia LED
772041,1093,13633,H,22,Спец.одежда летняя с лог Костюм муж л20-КБР сер/кр 56-58 182-188 102627-3
775519,3553,20938,H,16,"Подарки акций Стакан однораз. для хол/гор, 200 мл, бел., 100шт/уп (145594)"
801813,1616,13776,H,35,"Записная книжка Paperblanks Mahogany Midi лин.130x180мм,144с.PB4421-5"
831317,2238,15088,И,46,Тонер-картридж черный TK-8525K для TASKalfa 4052ci
841839,1085,13633,H,22,Спец.одежда зимняя с лог Костюм з02-КБР черн/сер 48-50 158-164 108240-1
863186,299,11805,H,8,Тендер Корпус тумбы PT_Арго АТ-07 ясень шимо
879645,3176,14283,D,72,"Ручка шариковая STABILO Liner F 808/41 0,38мм, синий"
886798,1258,11805,H,24,xИнд.заказ 110956-4 Табличка металлическая 4
912503,3791,13959,H,6,"Кабель REXANT /18-1007/ RJ-45вилка-RJ-45вилка, 5м(80088663)"
943996,781,26973,H,13,"Гирлянда Бахрома 4,8х0,6м,с мерц-ем,Белый ПВХ,176 Тёплых диодов 255-166"
973410,1102,13633,H,22,Халат рабочий Профессионал-1/у19-ХЛ вас/сер с лого(56-58)170-176
1017079,4156,31067,H,35,Качалка Лошадка красная арт.167000072
1033320,4607,13633,П,58,Наконечник штыревой втулочный изолированный НШвИ 0.75-8 (100 шт.в упак)
1095465,4666,14010,И,66,Опция Ricoh Adobe PostScript3 тип M37 IM C2000-C6000 (418407)
1096614,4113,13633,D,13,Лента для медалей 30 мм цвет Росиия сублимация  LN87
1099985,1021,13196,D,18,"Папка для рисования акварелью Kroyter А4,20л,блок 160гр  Джунгли 00050"
1112670,1026,13633,П,22,Сабо ЭВА (601/02М) р.45
1116704,2866,13633,H,64,"Термотрансферные этикетки полуглянец 101,6х50,8мм,вт.40,1000 шт/рул"
1160542,195,27317,S,7,Чехол iBox Crystal фиолетовый (УТ000019762) для Huawei Honor 8A
1208842,5004,13633,П,8,Мебель Аргентум Модуль двойной универсальный НТМП.ПО.Б2-120Эбел/бел
1237444,2829,13474,П,63,Кофемашина Melitta Caffeo F 570-101 Varianza CSP 1450Вт серебристый Екат
1242530,1258,11805,S,24,xИнд.заказ 132104-1 (Б) Рамка индивидуальная 1
1333131,871,31858,D,14,"Кофе STARBUCKS Pike Place Roast в зернах, средняя обжарка, 200г"
1390252,4566,13633,S,68,"Табличка знак Телефон для использования при пожаре F05 (200х200мм, Пластик)"
1390773,394,11805,С,8,Сервис BN_Y_EChair-711 TPU Ролики
1392835,2783,40721,И,62,Плед Cleo КАЛИФОРНИЯ велсофт полуторный 150x200 150/173-pf
1404592,1226,12935,V,15,Уценка Головка печатающая HP (C) 72 C9383A пурп./гол. для DgnJ T610/T1100
286890,609,13633,D,8,"Шкаф для сумок N_ШМ-12КХ-С, 12 ячеек, оргстекло 898х500х1862"
354172,2413,13633,H,50,Форм. пр-во давальч. Крышка 115х19 (Ю) (1000шт./уп)
377970,2261,11805,H,30,"Тендер Пленка Brother TZ-FX251 д/наклеек эластич,24х8мм д/RT-2430PC"
391973,2261,11805,H,30,Тендер Резинка банковская Erich Krause. D-80мм 100г.
439153,2261,11805,H,30,Краска /73347/ ПФ-115 черная TURY 12кг
451535,2402,13633,H,45,Пазл Кубик-развивайка.Птицы
468152,4017,14473,H,35,Рамка Fotobrick
546194,292,13633,H,8,Мебель для гостиниц MON_Премьер Шкаф для одежды ГМ26 ш.темн/светл Салон Спб
551827,3416,14289,H,63,Мини-печь Steba KB 23
282676,1240,21128,H,18,"Фломастер №1School,Tony&Bony,12цв"
553643,4104,15152,H,34,Восст.работоспособности НР СЕ390А + чип <Челябинск>
600969,2831,12171,H,63,Кофемашина Bosch Tassimo TAS4014EE
610703,3902,25260,H,6,Блок питания Seasonic 500W SS-500ES 80+ bronze (20+4pin) APFC 4xSATA_M_K
751429,2261,11805,H,30,Доп.заказ Строительные гвозди КРЕП-КОМП 4х100 черные ГОСТ 4028-63 5кг
778212,780,13633,H,13,"Электрогирлянда со светодиодами 2 м 10 led тепл. бел., 857-001"
802147,756,11999,H,11,Папка на 2-х О-кольцах Attache ПАНОРАМА 35мм
804250,4104,15152,У,34,Восстановление картриджа HP 312A CF380A (Партнер 378529 ИФЗ) <СПб
856590,618,11805,С,8,Сервис SH_Вегас 838711 Стенка задняя S75-01.F1 Орех Ренуар
857139,1249,15397,Q,18,"Фартук Ф 4-1 Ассорти тонкий 55359, 55399, 54664, 54259"
880733,3261,28269,H,76,"Пакет бумажный Магнит 115x45x740 (45П),3 цвета"
892839,1093,13633,H,22,Спец.одежда летняя с лог Костюм ж л12-КБР син/красн 44-46 158-164 111428-6
907954,4254,11805,H,42,"Дезинфицирующее средство для кондиционеров, 500 мл Bon BN-153"
908743,587,13633,H,8,СпецМеб_0MX_S /ЗД-126250/ Горизонтальные жалюзи 0225 белый 0.63x1.45
954949,4666,13181,H,66,Сетевая карта Konica-Minolta NC-504 (A4M3WY6)
1035147,693,11805,H,10,Штамп ТЦ Рубин PR55 макет 25160
1036852,2353,13633,R,35,Манишка спортивная (сетка) жел 196487
1080087,643,12162,П,9,"Увлажнитель воздуха Boneco S450, (горячий пар) цвет: черный/black"
1082832,5078,13633,R,52,"Очки солнцезащитные Sun ray, клас. Синий 10034501"
1096383,3471,12026,H,67,"Телевизор BBK 39LEM-1045/T2C, Ект + Члб лок. артикул"
1121880,3471,14140,H,67,Телевизор Samsung HG32EJ470
1136056,2058,11805,H,42,"Стекло предметное CП-7102,26х76мм,1мм б/о"
1140422,3429,13823,H,63,Машинка для снятия катышков Philips GC026/00 голубой
1147234,4392,35256,H,60,Шлюз VoIP-FXS Yeastar TA810
1177162,4849,12594,K,6,ПО ESET NOD32 Antivirus Business Edition new 93 users NOD32-NBE-NS-1-93
1189925,2750,13768,H,60,Телефон Dect Panasonic KX-TG1612RU1 темно-сер/бел(KX-TG1612RU1)
1265577,761,37659,В,13,"Елка новогодняя декоративная 1,0м (белая с серебром) 0610б"
1270332,2508,13633,П,52,"Маска для сна Avocado, 3429139"
1283080,1061,13633,В,22,"Перчатки из хлопка Классик, L, черные, 5 пар./уп., 002"
1316575,3261,26223,И,76,Пакет бум. №5 жел.ВПМ беж. 52г/м2 220x150x70 окно 140мм С/Л С/П Е
1346098,553,26870,П,9,Сплит-система Royal Clima  Inverter RCI-RN40HN (из 2 частей)
1388193,4914,12930,Б,93,"Электровелосипед HIPER Engine BX635 Space Gray, 350Вт/36В, 432 Втч (12 Ач)"
1388566,5117,13963,S,63,Диск терка ROBOT COUPE 27577 2ММ
1391672,3176,14796,L,72,"Ручка PrimeWrite. Хоккей. Паттерн на мас. осн., 0.7 ММ, син. 20-0293/13"
1407766,2786,13633,S,62,Полотенце махровое Зверюшки 25x50 (MOS 13B-14F)
1413280,4590,13633,S,22,Спец.одежда летняя с лог Костюм м л06-КПК зел 48-50 170-176 142219-1
176703,2261,11805,H,30,Доп.заказ Дальномер Bosch DLE 50
221635,953,11805,С,17,Сырье д/произ-ва Флэт Арпако 317х645 1446-10 PLUS черный
280304,1697,13633,H,35,Флаг ЗЕНИТ.30х45 см  Зенит  / SF-5
318802,1259,11805,С,27,Произв инвент ИС Молоток 800 гр.
347270,2261,13633,H,30,"Бонусная программа 51_Ель искусственная декоративная,40 см,шишки, золото."
396317,3526,13848,H,72,"Чернила в потронах черные 1,2мл.,SPSQ-400/1"
611219,1095,13633,H,22,Куртка 89281-4 муж. Темп/л03-КУ син/вас (р.68-70) 182-188
620590,4024,21003,H,35,Набор шоколадных конфет  Винни Пух 700г ТК-01
633237,160,13910,H,6,Уценка ProMega M205 G3220/8/2Tb/GT630-4Gb.im/si
678275,2142,12979,H,45,"Скрапбукинг Подарочная коробочка Саквояж Canary, 2 шт в уп/HY00923"
706051,371,13633,H,8,Модуль угловой S_MV_BUSINESS 90ш к/з серый Oregon 17
727271,3155,13803,H,72,"Карандаш механический Pentel AL405-C 0,5мм синий Япония"
730883,693,13633,H,10,Тендер Штамп на оснастке Pr20 /56244/
740351,1258,11805,H,24,"xИнд.заказ 100391-10 Визитки BC02, Отделение Осенний бульвар"
741566,833,20892,H,14,Вода питьевая детская Сказочный Лес 5л. 2шт/уп
746345,2934,11976,H,67,"Кронштейн Arm Media LCD-T42 чер. 15-32 макс.20кг наст.поворот,наклон"
748881,307,13633,H,8,СпецМеб 1L5_A Референт стеллаж 400x400x2200 бук-с
753750,243,14213,H,7,Флеш-память Silicon Power Blaze B20 16GB черная
808228,4187,13910,P,64,Ролики для касс Promega 80мм х80м х12мм тбS
839172,693,11805,H,10,Тендер Печать R40 Мерседес-Бенц РУС / 21813
848687,1224,12935,П,15,Картридж струйный HP 991X M0J90AE гол. пов.емк. для PW Pro 750/772/777
860916,2238,15088,И,46,Головка печатающая HP 85 светло-голубая (C9423A)
896541,618,11805,С,8,Сервис Easy One Полка 908866 серый
902188,500,13633,H,9,"Шило канцел.,дл.70 мм, особо прочное, блистер с подвесом, ШБ-01/118439/"
910805,4187,13633,H,64,Ролики для касс и калькуляторов 44х19метров х12мм  т/бS
912406,548,14164,H,9,Вентилятор Scarlett SC - SF111B10 белый /128785/
913212,4195,29471,H,35,Игрушка интерактивная Караоке Песенки В.Шаинского Микрофон 00-00001730
1036255,3796,11805,H,70,"Гвозди барабанные 2,5/70 мм гладкие,7200шт/уп,гв2570"
1050238,1551,13633,H,35,"Фигурка декоративная Клоун, L11 W10 H21,5 см 265985"
1052534,4604,13959,И,58,"Трубка термоусадочная REXANT 20,0/10,0 мм, желтая (10 шт/уп по 1 м)"
1056682,2915,13203,П,66,Тумба низкая деревянная Kyocera CB-365W (870LD00124)
1103173,137,13284,H,6,Ноутбук Lenovo 13S (20R90075RU) i7-8565U/16Gb/512Gb/13.3/W10P
1128088,616,13633,H,8,Офисные перегородки S_RV_Перег.моб. глух. мягкая.ткань(0PM_158499_ЦБ-30573)
1141331,2600,13768,H,58,Аккумулятор Panasonic Eneloop Pro AA 2500 mAh R2U (уп 4 шт) + футляр
1154855,2158,27026,L,45,Набор для творчества из фоамирана. Праздничные украшения слоник 2-289/10
1182002,4849,12594,K,6,ПО ESET Gateway Security для Linux / FreeBSD 68 users NOD32-LGP-NS-1-68
1183564,618,11805,С,8,"Сервис MON_Канц Профиль стыковочный 40-944 L-1765, орех"
1214265,3894,14010,П,66,Запасная часть Термистор Ricoh Aficio 1013/1013F (AW100060)
1215772,3894,14010,И,66,Запасная часть Прижимной вал диам. 32мм Ricoh D2894313
1278864,231,29429,S,7,Адаптер Satechi Type-C to Gigabit Ethernet. (ST-TCENS) серебряный
1309577,4635,11805,S,5,xИнд.заказ 136228-1 (А) Бейдж индивидуальный
1348409,953,11805,С,17,Сырье д/произ-ва Флэт для коврика на стол 35x59см Sweet life персик ламинир
1354798,5252,38552,P,70,Ключ Г-образный 6 мм WERA BlackLaser 950 BM 027209
1366584,4717,11919,K,6,ПО Лицензия Secret Disk 5 с сетевым управлением 1Y(SD5-NET-1Y-L)
1385973,2784,11939,И,62,"Постельное белье 2сп бязь(нав.70х70 2шт),Caleidoscopio (19137)"
1399019,1258,11805,S,24,xИнд.заказ 141826-1 (П) Визитки 14
1425166,3684,40730,И,62,"Халат муж. трига шалька AMBIELLA  A-1160, бежевый, 3XL"
1428824,587,13633,S,8,Жалюзи вертикальные Сидев/о 1.80x2.20
221733,2261,11805,H,30,"Тендер Плёнка для лам GMP глянц. 75 мкм, 635 мм, 75 м/рул"
236556,1091,13633,H,22,"Спец.гол.убор Кепи утепленная, цв.т-синий"
258403,2338,13633,H,35,Литература Арифметика продаж
267118,1804,15194,H,42,"Дезсредство Кутасепт Г окрашенный, флакон 1000 мл"
378481,2261,11805,H,30,Доп.заказ Лопата штыковая.
428381,2412,13809,H,48,Кальвадос Кальвадос дю пэр Лэз VSOP 0.7 4 года 40%
487320,4703,14425,М,16,"Дисп. политика Диспенсер д/покрыт. на унитаз Tork Elevation V1 бел,344080"
496113,2261,13633,H,30,Шампунь 10 мл в саше Travel 1902 /87851/
528240,2444,11805,U,50,Термоформ. пр-во Коррекс КС-8 (0G1)
545404,1085,13633,H,22,"Костюм 85657-7 ут ?Азимут?, т-син./чер. (р 52-54,170-176)"
560917,2261,14442,H,30,"Тендер Краска штемпельная Trodat синяя, 28 мл"
618625,690,14442,H,10,Доп.заказ Оснастка металлическая для штампа 3900 / 106x55 мм
625283,2261,11805,H,30,"Тендер Штифты аллюминиевые 126 мм, 100 шт/уп."
652321,4103,15152,У,34,Заправка картриджа HP 85A CE285A (Смоленск)
699371,999,12811,H,18,Рюкзак GRIZZLY RU-713-2/1 черный - красный
726133,2373,11805,H,42,Тендер Шпатель №3
747506,2781,13633,H,62,"Наматрасник 145х205х20 на резинке, тик матрасный /59965/"
788339,1788,11805,H,41,"Тендер Бумага самоклеящаяся А4 50л. 14 фр. (105x42,3)"
803435,689,11805,H,10,Тендер Печать R40 ВТБ МС Для полисов / 21245
814572,929,13633,H,15,Картридж лазерный  MLT-D203U чер. для Samsung M3320/3820/4020
887667,2983,13633,H,69,Ящик складной перфорированный с текстурой под дерево 600x400x230 (WL6423)
894390,1258,11805,H,24,"xИнд.заказ 111510-72 BC03, Рочев Кирилл Евгеньевич"
980983,1258,11805,H,24,"xИнд.заказ 117623-11 Внешний аккумулятор Gladies с зеркалом, 3000 мАч черны"
1080513,3543,30603,H,76,Стакан ПП К-95 250мл прозрачный
1116325,4590,13633,H,22,Спец.одежда летняя с лог Костюм л05-КБР 60-62 170-176 125183-12
1128608,394,13633,H,8,"Сервис Опора колесная D=40мм на штыре М8, черная"
1165373,1259,13633,С,27,ЗЧ д/обор-я ДКУ Эк Пускатель КМИ-34062
1188174,1031,13633,И,22,Сапоги Standart утепленные р.43 (ВС4075у)
1216660,4380,13633,В,65,"Крышка пластиковая PET d=143мм д/контейнера бум. 550 мл, 50 шт/уп 43320.01"
1231674,5212,15076,П,70,Лист шлифовальный для ПШМ Р180 93х230мм 5шт/уп Зубр 35590-180
1300360,2816,14164,П,63,"Фен SCARLETT SC-HD70IT02, 1300Вт, складная ручка, ионизация, черный"
1338539,3493,32434,И,70,Пассатижи комбинированные 200 мм Дело Техники 411201
1343302,4187,13633,P,64,"Ролики Бумага телетайп, (Рулон для принтера и телетайпа, 210х100(92)(СТРЛ))"
1351967,2631,13633,S,58,Выключатель HoosenseH2-B210M 2кл.о/пIP54 сер.клав.черн.(Электромонтаж)Ю2328
1363305,4590,13633,S,22,Халат медицинский с лог муж м10-ХЛ 52-54 182-188 139330-5
1422387,587,13633,S,8,Жалюзи горизонтальны 02250.51x1.53
1424394,4590,13633,S,22,Костюм с лог муж Универсал-КПК сер/бордовый 52-54/194-200 143330-5
177245,1107,13633,H,22,Костюм Пекаря универсальный длин.рукав(р.48-50) р.182-188
247862,2261,11805,H,30,Доп.заказ Костюм легкий защитный Л-1 (р. 2)
362095,2928,12272,H,66,"Плоттер Canon imagePROGRAF iPF825 (4837B003) А0, 5 цветов"
369458,2261,13633,H,30,"Пазл /54446/ Магнит.пазл. 46,394,00 малый (Кот)"
424201,2232,20920,H,46,Плата форматирования для HP LJ Pro M1536 (CE544-60001)
433278,2238,20920,H,46,Картридж струйный Cactus CS-CLI526BK для CANON PIXMA iP4850/MG5250 8.4 мл
441702,2504,13633,H,52,"Обложка для паспорта Каштаны арт.35683 (13,3x19,1 из ПВХ)"
533079,2431,11805,U,50,Термоформ. пр-во Емкость СК-180 СТАНДАРТ (0RM) (1100шт./уп)
546070,1738,12572,И,35,Карта подарочная Дефиле 1000р
601059,1094,13633,H,22,Спец.одежда летняя Костюм Лига-СМ/л04-КПК син.(р.64-66) 182-188
644537,2509,13633,О,52,"Чехол для одежды из спанбонда с окошком синий, кант серый, BL 100-60"
669715,307,13633,H,8,"Мебель 1L5_А Универсал У.П-1 Шкаф для документов узкий 350х350х1788,венге"
713928,658,13633,H,10,"Клей для плитки Ceresit СМ11, 5кг/46722/"
716515,705,12183,H,10,"Тендер Закладки 45х12мм 3цв., 45х25мм 1цв. пласт/п-проз 4цв по 25л.Brauberg"
718006,4200,15154,H,42,"Мед.смотров. перчатки нитрил., нест., н/о, текст., (S)100пар/уп.голубой"
727126,690,12373,H,10,"Доп.заказ Оснастка д/штампа АО Мерседес-Бенц Мануфэкчуринг Рус, мак.20164"
823731,3134,11805,H,71,Тендер Шланг PALISAD 67477 поливочный пвх 3/4 25м армированный
826857,1258,11805,H,24,"xИнд.заказ 107289-1 Визитки, цифровая печать 4+4, комплект по 100 шт."
850022,1258,11805,H,24,"xИнд.заказ 108846-22 BC01, Эгамбердиева Нилуфар Уктамовна"
856830,1093,13633,H,22,Спец.одежда летняя с лог Костюм м л20-КБР син/кр 56-58 182-188 109131-4
916325,3118,27983,H,71,Щетка метла плосткая щетина мягкая витая 300х75мм В849 G зеленая
916512,2443,11805,U,50,Термоформ. пр-во Коррекс КР-1907/1 (Я) (0RM)
922197,392,11805,С,8,"Сервис 1L5_0B3 MT_CP-5 PL Крестовина, пластик"
923275,747,21018,H,11,"Папка-конверт на кнопке ФЛАМИНГО А5, 24x17/46748"
924961,1093,13633,H,22,Спец.одежда летняя с лог Костюм м л16-КБР син/вас 52-54 158-164 113590-5
937908,1577,26861,H,35,Подставка под горячее Свинка с ландышами со шнурком 220159
941338,1258,11805,H,24,"xИнд.заказ 115034-5 Часы настенные, пластик, черный, ГРАЦИО"
999504,2745,13086,H,60,Гарнитура Jabra BIZ 2400 II Duo (2409-820-204)
1018176,1788,13633,H,41,"Этикетки самоклеящиеся 26x41мм (49 шт. на листе А4, 500 листов в упаковке)"
1025928,1258,11805,H,24,"xИнд.заказ 120294-1 Оснастка для печати с крышкой d40мм, Pr. R40, черная, C"
1036610,618,11805,С,8,Сервис SP Бюджет Боковина левая 2558 (402658) груша(956186)
1051085,2232,15088,И,46,Модуль (45N1144)
1071317,1258,11805,H,24,xИнд.заказ 122710-15 Визитки 35
1076070,3011,13633,D,70,Скальпель средний СК-03 150 мм (12-4308-8)
1093254,2740,12845,H,60,Телефон ip Gigaset S650H PRO
1100521,2891,12223,H,64,Уценка Весы торговые SWN-06 c доп.дисплеем для покупателя (до 6кг)
1160354,1756,12085,E,41,"Еженедельник недатированный BeSmart 80л, склейка, Bunny чайки N2034"
1163077,3900,11996,П,6,Видеокарта Asus GTX 1660SUPER 6Gb PH-GTX1660S-O6G 1530/14002 Ret
1163102,4967,13633,И,22,Брюки (джинсы) женские цв. графит р.48/158-164
1211957,137,13284,H,6,Ноутбук Lenovo IdeaPad L3-15 15IML05(81Y300EYRK)Cel 5205U/8G/256G/15.6/noOS
1221773,4586,11805,S,10,"xИнд.заказ 130958-2 (П) Оснастка для печати с крышкой d40мм, Pr. R40, черна"
1243875,5000,13595,K,6,ПО игра ПК Namco Bandai Tales of Vesperia:Definitive NAM_5146
1263064,3866,37227,И,61,Светильник Yeelight Serene Eye-Friendly Desk Lamp Pro (YLTD04YL)
1270652,1086,13633,S,22,Костюм рабочий зимний з03-КПК ЧЛБ вслк. с синим (р.48-50) 182-188 с  ЛОГО
1272309,1258,11805,И,24,"xИнд.заказ 133538 Набор Follower, синий"
1286833,4972,13830,П,22,Колготки женские Cr Rouen 80den nero 28032621982993
1304728,1258,11805,И,24,xИнд.заказ 133329 Ежедневник 2
1326245,2506,13998,K,52,Кошелек Florina Blue арт.PM22
1327087,952,11805,С,17,"Сырье д/произ-ва п/ф Термотран этик Полугл лг/кл D=98,500шт/рул,вт40,1цвет"
1373481,3035,13633,S,70,Клей для Клеевой пистолет СОЮЗ КПС-24600
93201,1088,13633,H,22,Спец.одежда зимняя Брюки универсальные/з16-БР (р.52-54)р.182-188
196411,2261,11805,H,30,"Тендер Ролик Lomond мат. 105 г/м2, 1067х45х50, (1202053)"
204107,3553,11805,H,16,Подарки Подарочная карта  Детский Мир  1000 ОСР
221978,3177,13697,H,72,"Ручка шариковая ONLINE Vision Style 36644 синий авт. под.уп-ка, Германия"
348084,2261,11805,H,30,Доп.заказ Калька Xerox А0+ в рулоне 914мм х 170м  90 г/кв.м  003R96053
366962,1259,11805,H,27,ЗЧ д/скл тех и СЭ ТС Фильтр-сетка поддона У35.615-01.160
372295,1166,13633,H,10,Набор настольный деревянный 9 предм. M9D-1 КРАСНОЕ ДЕРЕВО темн. Тайвань roz
374998,218,13492,H,7,Мышь компьютерная Microsoft Comfort Mouse 4500 (4FD-00024)si
382371,975,11999,О,18,Циркуль Attache 115 мм  с запасным грифелем в ПВХ чехле S01002P
390122,1259,11805,H,27,ЗЧ д/скл тех и СЭ ДСК Фара 1557780
437351,1629,14581,H,35,Игрушка Магнитный театр  Теремок  VT3206-08
476572,3899,11996,H,6,Материнская плата Asus (B85M-K)/1150/ B85/2xDDR3/mATX/VGA/DVI_K
506730,764,21009,H,13,Новогоднее украшение елочное подвесное  Птица  26026
520356,3376,15073,D,54,Полироль для мебели ЗОЛУШКА Лимонная Свежесть 250мл
529365,626,13633,H,8,Кухня G_РИО-1 Столешница алюминивая рябь L=500
531001,2095,11805,U,43,Экструз пр-во PS Пленка PS (606х450) белая 4502078 (2RM)
534463,287,13633,H,8,Мебель для гостиниц ET_Комплект Winx 2 Азбука (стол+стул) В2А
616525,618,11805,С,8,Сервис ED_Милан Боковая стенка МЛ-1.4/1.5 орех табак
617303,617,11805,С,8,Сервис ED Форум/Статус фурнитура ящ. Фр-3.1 дуб мол.
633668,1258,11805,H,24,"xИнд.заказ 91336-17 Кружка (керамика 300мл) Кружка (керамика 300мл), Без ра"
648842,4037,11809,H,35,Ледянка 1toy Monster High 60см Т56338
698043,4205,15363,H,76,"Средство для мытья поверхностей Ника-Универсал, кан. 5,0 кг, 4 шт/уп"
715451,617,11805,С,8,"Сервис И_Вита Фурнитура к шкафу 2384, орех"
725846,3134,11805,H,71,Тендер Шланг PrimoFlex 1/2- 20m 2.645-138.0
744701,306,13633,U,8,"Мебель 1L5_SL Imago Гардероб ГБ-1 венге магия (ГБ-К1,ДГ1)"
812976,1258,11805,H,24,"xИнд.заказ 106431-1 Скотч, 50мкм, 50ммх66м-1"
813266,1258,11805,H,24,"xИнд.заказ 106480-1 Универ. зарядное устройство, мет., синий., 4400mah, СИС"
849945,2921,13203,H,66,"МФУ Kyocera FS-C8525MFP А3, 25/13 ppm A4/A3, 600 dpi"
887946,4140,13633,H,35,"Копилка в комплекте с наклейками из ПВХ с клеевым основанием 11х9см, 77763"
898325,843,14528,D,14,Сыр плавленый Виола Valio с ветчиной в ломтиках 140г
919777,862,13633,H,14,Сироп ACCENTO 1л фундук/133302/
942101,3083,13633,Л,71,"Бак для отходов 80л, пластик пищевой, серый с зеленой крышкой _У"
957512,1258,11805,H,24,"xИнд.заказ 116496-1 Зонт-трость Unit Promo, зеленый"
968289,1222,13203,И,15,Сервисный комплект Kyocera MK-170 (1702LZ8NL0) для P2135d/FS-1370DN
979317,158,13633,H,6,Монитор HP 27 HP Pavilion 27 FHD 3TN79AA#ABB/157277/
985769,266,12935,S,8,Крепеж HP (JW047A) AP-220-MNT-W1W Flat Surface Wall/Ceiling White AP
996253,830,11805,H,14,"Чайный напиток Женьшеневое Равновесие, пакетир 20х1,75 (ЧА013)"
1012614,3405,13495,П,63,Микроволновая печь Midea AG820NN1-S 20 л 800Вт эл гриль серебр
1021635,584,11805,H,9,"Замок ЗУБР ЭКСПЕРТ навесной, нерж.сталь,удлиненная закаленная дужка,60мм"
1039217,3471,12026,H,67,Телевизор BBK 32LEM-1054/T2C черный
1044450,577,31484,П,9,Блок питания PV-Link PV-DC2AW PV-Link v.2013
1044634,1258,11805,H,24,xИнд.заказ  121250-1 Визитка тиснение
1044810,587,13633,H,8,Жалюзи  Вертикальные Аризона 1.03x1.73 /143496
1054200,374,13633,H,8,"Мягкая мебель Диван 2000х1300х720 мет. каркас, экокожа Art-vision 103"
1104343,378,13633,H,8,Пуфик в виде бочки d400 высота 400 мм Обивка ткань GLAZGO 55D
1119277,3173,12657,S,72,"Ручка гелевая ERICH KRAUSE Megapolis Gel, СИНЯЯ 12шт/уп 701810"
1133235,158,13219,H,6,Монитор  LG 44066 (24MP58VQ-P) IPS/1920x1080/D-Sub/DVI/HDMI
1166570,1008,15116,В,18,"Блокнот А5(145х210мм),80л,дизайн.блок,сшивка,7БЦ New way Дизайн8 КЗ5803135"
1211740,3221,33397,S,74,Средство Грунт-антисептик IMPREGNANT GOODHIM 230 5 л 78576
1226515,2414,11805,J,50,Упак.для торта Емкость Т-218/11ДШ (П) (Т)
1227445,2661,36967,И,59,"Помпа вакуумная UNO VINO, 2 пробки (695430)"
1234380,693,13633,S,10,Штамп PR 10 24х8мм
1265596,763,26909,H,13,Украшение елочное светов Макушка Роза ветров для елей 3-5м. 50см. белый
1268933,3410,13561,S,63,Кухонный комбайн Moulinex Double Force FP826H10
1274857,4066,37166,P,70,Пила сабельная Einhell TE-AP 750 E (4326170)
1307155,4864,11996,И,7,Мышь компьютерная игровая ASUS ROG Pugio II (90MP01L0-BMUA00)
1331219,1020,15467,P,18,"Альбом для рисования 32л  А4 склейка ПУТЕШЕСТВИЯ-1,КБС,отр.блок,32-1432"
1352480,587,13633,S,8,Шторы рулонные УНИ-2 Сиде 0.95x1.75
1358913,5347,33947,И,70,Триммер бензиновый ELITECH Т 26 (179953)
90716,2261,11805,H,30,Доп.заказ Устройство  Ревиласил
273081,1762,13044,H,41,"Блокнот Paisley А5 320стр. фактурн кожзам, клетка, красный"
334428,2155,15172,H,45,Набор для вязания крючком Балетки голубые В34010
347758,2261,11805,H,30,"Тендер Пакет для монет (115х200 мм, крафт-бумага) (605-10)"
384775,1002,15397,H,18,"Пенал 1 отделение, Валентинки, ПК 3-20"
389227,1788,12014,D,41,"Этикетки самоклеящиеся Europe, ELA027, 210х297мм на листеА4 (100лист/уп)"
429197,1259,11805,H,27,ЗЧ д/обор-я ДКУ 71 Подшипник UCF 210
436530,96,13633,H,5,Сертификат для инф.киоска на upgrade от огран. до полной версии электр. оче
456409,1259,11805,H,27,ЗЧ д/обор-я ДКУ 06 Бурт ПП под фланец 63 мм.
469620,1105,13633,H,22,Халат для горничных и уборщиц ж Вилора кор.рукав бирюзовый .64-66 158-164.
562048,160,12935,H,6,Системный блок HP PD 405 G2 MT(J4B13EA)A4 6250/4G/500G/HD8330/DVD/W7 Pro
568577,4104,15152,У,34,Восстановление картриджа HP 128A CE323A (пурпурный) <Липецк
650123,2261,13316,H,30,Тендер Ролик д/плот. 200гр глянц. 1067x30x50 (бумага) Lomond
704844,306,13633,H,8,СПб Доп.заказ /45307/ Шкаф для одежды 65x60x200
714629,3510,15076,H,70,"Тендер Хомут трубный с гайкой, оцинкованный, 3, 1шт ЗУБР 37850-83-95-1"
718108,340,11805,H,8,Доп.заказ Мебель для школы_Шкаф со стеклом 854 x450 x2010 бук
773262,3505,13412,H,70,"Машина шлифовальная угловая аккум. 125мм,18В, 2х4Ач Makita (DGA506RME)"
778396,249,27827,H,7,Гарнитура Marvo HG8804
840260,2622,13633,H,58,"Тендер Светильник авариный ЛБА 3923 непост.автон.2x8Вт,IP20Т5/G5ИЭК/101265/"
842648,1259,13633,С,27,Произв инвент ИР Стол подъемный гидравлический
855344,2261,11805,H,30,Доп.заказ Смазка силиконовая МС-Спорт 400г ВМПАВТО 2201
855510,1747,15447,В,41,"Календарь настенный 3-х блочный 2019, 305х675, Цветущие Маки, 80г/м2,KB"
861138,1093,13633,H,22,Спец.одежда летняя с лог Костюм муж л20-КБР сер/кр 48-50 182-188 109436-9
900267,587,13633,H,8,СпецМеб _0MX_S /ЗД-122205/ Рулонные шторы Ловолайт45 Скрин 2.65x3.25
917665,1258,11805,H,24,xИнд.заказ 113049-29 55 Пролетарская СПб
928913,287,13633,H,8,Детская мебель VB_Парта CONDUCTOR-001/BLUE
938978,321,13633,H,8,СпецМеб 1483211_Стол руководителя TST 169 Венге Магия Z 1600х900х750
981242,254,13633,S,7,Спрей Средство для очистки и вос.резин.пов. Platenclene(Katun/AF) б./100мл.
1023712,400,11805,С,8,"Сервис ПРАКТИК Pro Industrial Спинка, черный(979022)"
1034555,2744,30960,П,60,Смартфон TECNO CB7 11S Nebula Black
1044416,1150,13633,H,22,Спец.костюм с лог Жилет сигнальный Тип1Т цворанжр ХL/52-54 121223-2
1070394,618,11805,С,8,Сервис SL_ALTO Царга AST189Н Венге
1078953,587,13633,H,8,Жалюзи S_SM_Жалюзи вертик. Тканевые (0РM/154858/№496)
1107630,4590,13633,H,22,Халат рабочий с лог у19-ХЛ т-сер/с-сер 52-54 170-176 124221-17
1153855,1770,15152,D,41,Конверты Куда-Кому C4 стрип 229х324 100г КОМУС 50шт/уп
1181512,4568,13633,H,68,Знак безопасности  внимание. Автомат включение (запуск) оборудования. 5см
1195087,4901,13633,П,8,"Стеллаж торговый VZTO_Стойка под дезинфектор 38,1х40,1х152,5"
1207603,999,12194,P,18,"Рюкзак школьный КОШКИ.СЕРДЕЧКИ черный, 12-003/31"
1215662,3894,14010,П,66,Блок чистящего полотна в сборе Ricoh
1240006,137,12935,H,6,Уценка Ноутбук HP ProBook   440 G6(6UL38ES)Intel Core i3 8145U/8192Mb
1297184,587,13633,И,8,"Жалюзи SKR Рулонная штора , Blackout, LUX 98x170 графит"
1303234,4588,11805,S,41,"xИнд.заказ 135747-3 (П) Ежедневник CONDOR, недатированный, черный"
1330062,1224,12653,И,15,Контейнер с чернилами Epson T8782 C13T878240 гол.экстрапов.емк.для WF-R5xxx
1380430,997,21018,E,18,"Папка для труда пластик. ГЛОБУС,полипропилен,А4, 1отдел.молния/51165"
1403939,5029,40884,И,9,Терморегулятор Sibling Powerswitch-TH для теплого пола (00-00003018)
209175,2261,11805,H,30,Доп.заказ Замок врезной 074009 3В9-8/15
300997,1259,11805,H,27,Произв инвент ИМ Круг шлифовальный 300*40*76 64С
366848,2745,11959,H,60,Гарнитура Apple EarPods MD827ZM/A White
376403,1259,11805,H,27,ЗЧ д/обор-я ДКУ Фт Угольник обжимной 32 мм.
405117,1591,13110,H,35,Ложка-дуршлаг Scoop? большая серая
437068,2094,11805,H,43,"Экструз пр-во BOPS 3К Пленка BOPS (505х300) пр 1,8 ОФ Б (д.изг. 31/10/14)"
440184,1227,12272,H,15,Картридж струйный Canon CLI-8CMY (0621B029) для PIXMA 4200/5200 (3шт).kk
484984,1712,13479,H,35,Велокомпьютер беспроводной с кардиодатчиком C014 333034
509861,3922,14344,H,14,Шоколад TOBLERONE белый с нугой 100г
554936,3177,13781,H,72,Ручка шариковая PARKER sonnet slim матов черный CT R0818160/S0818170 sb02.1
566540,785,13633,H,13,Саше аромат Листья в виде Кота/39056
631667,137,13284,H,6,Ноутбук Lenovo TP 13(20GJ004FRT)13/i5 6200U/4G/SSD256G/Int/W10P_M_K
643091,4104,15152,У,34,Восстановление картриджа Samsung MLT-D106S (Волжский)
659011,4037,13633,H,35,Снегокат 101 классический синий 290573
755641,1148,13633,H,22,Спец.костюм с лог Плащ ПВХ Extra-Vision WPL орн СОП 60-62 170-176 100774-68
813845,295,13633,Л,8,Мебель МК ЛОГИКА Стол приставка 600x500x750 (опора ронделла) ноче гвар
813917,2158,13633,H,45,Тендер Лента двухсторонняя д/наружн.работUNIBOB 19x5м /89648/
841775,1250,27952,H,18,"Рюкзак ЧМ по футболу 2018-Кубок, 2 отд., 37x29x17 см, арт.NRk_21112"
852671,1258,11805,H,24,xИнд.заказ 108965 Штамп 2
859213,1258,11805,H,24,"xИнд.заказ 109468-2 Ручка шарик. SCHNEIDER, син/серебро, Шнайдер"
864283,618,11805,С,8,Сервис SL_Raut Полка RСT106 венге магия
892589,4018,13633,H,35,Фотоальбом Мишка-летчик на 200 фотографий 41295
896920,5204,29190,П,70,Сверло по кафелю и стеклу  6 мм КУРС (35454)
913071,3128,13633,H,71,Метла пластик ГАРДЕНА 5787 /126788/
995206,2786,28458,H,62,"Полотенце махровое Bonita 50х90 Classic, сине-зеленый"
1004454,1258,11805,H,24,xИнд.заказ  119068-6 Визитки 22
1007580,2743,30854,H,60,Мобильный телефон Maxvi B5 brown (2766) 2.0/2Sim/32Mb+32Mb/коричневый
1011062,193,27317,S,7,"Чехол Red Line (УТ000017099) для iPad Pro 12,9 NEW Magnet case, черный"
1034886,4318,13633,H,6,Системный блок Dell Precision T5820 MT Core i9 7900X/16Gb/1Tb/256Gb/LinuxU
1056568,2206,15351,D,45,"Краски акварельные Белые Ночи  24 шт х2,5 мл, 1941061"
1066964,3960,13786,D,59,Стакан КАСАБЛАНКА 295мл (52713SLBT)
1107050,693,12373,H,10,"Печать r40 макет 25967, для документов 6 г. Елец"
1121279,2844,32381,П,63,МИКСЕР ПЛАНЕТАРНЫЙ HURAKAN HKN-IP10FM
1168312,616,13633,H,8,Метал.Мебель перегородка офисная 704x400. Каркас серебро металлик
1171344,693,12373,H,10,Штамп pr30 Макет 26986
1220603,1788,12014,H,41,"Этикетка точки Oslash, Avery Zweckform18 мм, красный, перманентный"
1272126,4188,13633,S,10,"Блок-кубик ATTACHE эконом 9x9x5, цветной с белым 65-80г Ф"
1318867,587,13633,S,8,Жалюзи вертикальные Ирис зеленый
1328058,4590,13633,S,22,Костюм рабочий зимний с лог з03-КПК вслк с синим 56-58 170-176 137259-3
1370946,3411,13167,И,63,Миксер планетарный цельнометаллический 4 в 1 КТ-1366-1 красный Kitfort
239580,4103,15152,У,34,Заправка картриджа HP 36A CB436A (СПб)
246335,2261,11805,H,30,"Доп.заказ Стеллаж офисный 2200*250*2200, ЛДСП 15 мм"
283943,3018,14114,П,70,"Молоток STAYER PROFI 500г, фибергл. 2комп.ручка (20050-05_z01)"
312432,2261,11805,H,30,"Тендер Скрепки 26 мм анодированные, золот. треугольные 100шт/уп"
330026,2261,13633,H,30,Комус Шанс 782_ Радиобудильник Philips AJ3123.
401606,195,13417,H,7,Фотоаксессуар для iPhone Manfrotto BLACK BUMPER+3LENSES+SMT iphone 5/5S
419286,307,13633,H,8,СпецМеб SP_Профит Колонка зак. двухдв.прав. Т1185 д.он./сер.
424839,1588,13110,H,35,Набор ножей компактный Twin Slice? зеленый 10068
531775,2444,11805,U,50,Термоформ. пр-во Коррекс КР-2П (0RU)
537808,2973,13624,H,67,Фотоаппарат Nikon Kit COOLPIX L840 Black + case + 8Gb
611323,2261,11805,H,30,"Доп.заказ Таз квадратный 9 л, ПБ-С200*"
678239,1577,21097,H,35,Ситечко для чая Г-н Чайковский серый 96568
699009,3907,13164,H,6,модуль памяти Kingston KVR1333D3N9H/8G DIMM 8GB 1333MHz DDR3 Non-ECC CL9
701475,4041,26410,H,52,Часы наручные мужские Fossil 29113
703674,2159,26056,H,45,"Бисер Астра 11/0, 20г , M1белый/прозр.матовый/675288"
708268,3979,13257,В,35,"Шапочка для плавания Larsen CP51 (CP212B), силикон, Рыбка 239594"
712830,2238,15088,H,46,Катридж CE255A (NetProduct) (СПБ)
762370,4379,20938,H,65,"Контейнер СпК-126-250 (кубик) прозр., 50 шт/уп."
818705,3405,14140,H,63,Микроволновая печь Samsung GE-83DTR-1W гриль
825612,300,13633,И,8,Мебель SL_WAVE Стол эргоном левый WCET149L дуб сонома Ш1400
889098,2776,29170,D,62,"Набор бритвенный COMFORT LINE,ПЭ,200шт."
895977,693,11805,H,10,Оснастка для печати PRINTER R40 black макет 22720 ИКЕА ТОРГ
902030,1093,13633,H,22,Спец.одежда летняя с лог Костюм муж л06-КБР зел 52-54 182-188 111959-4
916302,4743,12536,D,54,"Профхим от накипи с кух-пром оборуд,CIP Dolphin/Promnova Acid LF Meta,5л"
947643,297,13633,H,8,СпецМеб_0B3_Стол для переговоров цвет Орех Аида Табак
977610,2744,13471,H,60,Смартфон Meizu M6 Note 16Gb (M721H_16GB_BL) 5.5/3GB/16Gb/blue
1059945,953,11805,С,17,Запчасти для складского оборудования SL110682_01_000001 Толкатель в сборе
1061853,795,11999,H,13,"Грамота А4 голубой     фон, герб, триколор 230г/кв.м. 1шт"
1078817,1258,11805,H,24,xИнд.заказ 122948-1 Стаканчик бумажный для воды
1140541,1086,13633,H,22,Костюм рабочий зимний з03-КПК вслк. с синим (р.48-50) 170-176 Лого
1242587,1093,13633,П,22,Спец.одежда летняя Костюм муж. л20-КБР зелен/сер (р.48-50) 170-176
1250892,5381,13142,И,70,Щетка моечная вращающаяся WB 120 Karcher (2.644-061.0)
1327827,2403,12627,D,45,Маркер акриловый Edding 5100/933.кругл. 2-3 мм.Темно-синий/elegantmidnight
1328684,137,13284,И,6,Ноутбук Lenovo ThinkPad X13 (20UF000GRT) 4650U/8Gb/512Gb/13.3/Int/W10P
1350894,4635,11805,S,5,xИнд.заказ 138864-2 (П) Табличка металлическая
1369917,3979,12118,И,35,"Бассейн надувной Fast Set, 183 x 51 см, 57392 Bestway"
1371560,934,14652,Т,15,Картридж лазерный Xerox 006R01177 пурпурный (16000стр.) для Xerox WC
1400960,2455,29321,И,51,"Кондиционер Labay с кератином,1500мл"
1419572,4874,11805,S,10,xИнд.заказ 143032-1 (П) Оснастка Colop Printer C40 23x59
1428541,789,28397,D,13,Бумага упаковочная Кофебрейк 1л 70х100см УБ-1603
21100,1002,14486,D,18,Пенал пластик. с линейкой UNI Белоруссия
135201,2261,11805,H,30,Доп.заказ Видеокарта Palit PCI-E NVIDIA GeForce 9500GT 256Mb
140453,2261,11805,H,30,Доп.заказ Чайник элект.  Ладомир  223 (8)
155763,2261,11805,H,30,Тендер Телевизор LG 37SL8000
225080,634,13633,H,8,Кресло S_UN_Prestige E gtpPN3 /gtpPN ткань бежевая C-25*
248923,991,21128,H,18,"Набор обложек №1School,Маленький единорог,д/уч.мл.кл,10шт,360х227,ПВХ,110"
260114,2432,13633,J,50,Упак.для салата Крышка СП-500К СТАНДАРТ (450шт./уп)
266925,3356,11989,H,52,"Футляр для ключей ASKENT Croco Nile, бирюза"
275029,2261,13633,H,30,"Часы наручные  РАДУГА , 101 серый строит. Транспорт"
340987,1543,11812,H,35,Термометр для душа TT-10 жк дисплей
343989,1755,13633,H,41,Еженедельник датированный 21х26 см Эльба зеленый
372946,2261,11805,H,30,Доп.заказ Картридж с красящей лентой 800015-440 YMCKO colour I ribbon.
432592,2261,11805,H,30,Ель искусственная /71763/ Альпийская H-165см
466833,4043,13229,H,52,Чехол для чемодана Dahlia большой
505681,244,14589,H,7,Портативный HDD WD My Passport Ultra 2Tb USB3.0(WDBNFV0020BBL-EEUE) син 2.5
566787,636,13633,U,8,"Стул 1L5_UA_JACK BLACK каркас черный, к/з черный V-CERATA"
568509,4103,15152,У,34,Заправка картриджа HP 304A CC530A (черный) (Липецк)
617864,556,14164,H,9,Конвектор Scarlett SCA H VER4 1500Вт
639124,3820,14443,D,35,"Часы настенные Troyka 21234287 круг., d245мм, плав.ход, пластик"
646737,2261,12373,H,30,Тендер Пломбир  Агроторг 7333
661757,622,11805,С,8,Сервис ПРАКТИК AFC-07 Задняя стенка ящика
669924,1258,11805,H,24,xИнд.заказ 95137-7 Продуктовые подарки Продуктовые подарки 2
673350,2058,11805,H,42,"Ширма М-171-01, 2секц"
676690,846,13633,H,14,Йогурт ФРЕШ FRUT СЛ/Л-ВО 5%КЛБН 320г
710608,181,13492,H,6,Программное обеспечение Microsoft OfficeStd SNGL SA OLP NL/PN:021-05624
721468,1995,13633,H,42,Тендер Бортовой журнал автомобиля/53858/
789820,4746,20942,О,54,"Профхим д/кухни универсал абразив. чистящее Effect/GAMMA 303, 1л"
856042,929,15152,H,15,Картридж лазерный Комус 106R01604 чер. пов.емк. для Xerox WC6505
859228,1258,11805,H,24,xИнд.заказ 109434-5 Блокноты на спирали А5 50 листов-1
889863,1258,11805,H,24,"xИнд.заказ 111173-36 Термокружка 'Пиренеи', черный"
892844,2865,13633,H,64,Термоэтикетки 58х30/40-900 Т.ТОП 50 рул/уп
903582,344,11805,H,8,Метал.Мебель Двухсекционный сушильный шкаф ШСО-04 1220x620x1880
925510,1608,13633,П,35,Ручка -танк Настоящему мужику на подложке   3532046
935147,81,12144,H,5,Уценка Доска магнитно-маркерная 1200х2400 BoardSYS одноэлем Ф1-240
944263,4448,13959,П,9,Электронный ключ Rexant (брелок прозрач) 125KHz форм EM Marin (46-0229- 1)
989365,2238,15088,И,46,Картридж HP 83X лазерный увеличенной емкости (CF283X)
992362,1006,14796,H,18,"Тетрадь общая А5,48л,клетка,скоба СКАЗОЧНЫЙ МИР-2 7-48-447 5видов"
1015939,1258,11805,H,24,"xИнд.заказ 119620-10 USB-разветвитель Cloud, белый"
1032862,297,11805,H,8,Мебель Yalta Элемент наборно.перег.столаLT-SPULлев.800x800x750Мокко/173842/
1035486,300,13633,H,8,Уценка 01В_Мебель PT Арго Стол эргономичный А-202 правый груша
1042917,3118,11805,H,71,Щетка Метелка для сбора пыли антистатик (Попугайчик) R510591
1061603,336,11805,H,8,Мебель Р_МС полка 600х1200
1068405,5189,25257,П,70,"Бита EDGE by PATRIOT SL5,0 длина 50 мм, 2шт  (818010025)"
1117546,4607,32407,H,58,"Наконечник штыревой НШВИ 1.0-8 КВТ 47497, 1 шт"
1121145,4590,13633,H,22,Спец.одежда летняя с лог Костюм м л16-КБР син/вас 64-66 170-176 125821-18
1124021,620,11805,С,8,Сервис MS_Gamma Задняя стенка G-47 беж
1128539,2535,12935,H,53,"Фотобумага унив быстрос атласная НР 610 мм х 30,5м 200г/м2 втулка 2/50,8мм"
1138615,2927,12935,H,66,Принтер HP Photosmart C4270
1156721,4590,13633,H,22,Костюм рабочий зимний с лог  з37-КБР син/чер 48-50 182-188 128463-5
1238729,2784,31114,И,62,"Постельное белье  2сп с евро сатин-жаккард 120гр/м2 (4 нав.),DEDRIA серый"
1245515,5238,37238,П,70,Отвертка диэлектрическая PH2 тонкая VDE KNIPEX KN-982402SL
1267153,3754,37745,D,86,Картон упаковочный ZENITH 250г 620x940
1274666,4046,24530,H,52,Сумка жен. нат. кожа FABRETTI 17362-W1-2
1331609,3524,12194,E,72,"Набор маркеров текстовыделителей LadyMarker Mini в ассортименте, 22-0066"
1351929,693,12373,S,10,Штамп Pr 40 макет 28883 Серебрякова И.В
1414603,137,13284,Б,6,Ноутбук Lenovo ThinkBook 15 G2 ITL (20VE00G7RU) i7-1165G7/8G/512G/15.6/NoOS
130088,4103,15152,H,34,Заправка Тонер-картр. XEROX DP1210 (106R00442) замена тонера (Уфа)
213575,2261,11805,H,30,"Тендер Короб архивный пласт. с кольцом, на липучке, А4, 75 мм"
282587,2261,11805,H,30,Доп.заказ Отвертка аккум. HITACHI DB3DL2 3.6B 2x1.5Aч LiION 6.35 мм.
312943,2261,11805,H,30,"Тендер Лоток д/бумаг 2-х уровн., гориз, серебр. С21532 ERICH KRAUSE"
361457,2261,13633,H,30,Швабра /52378/ паровая Steam Cleaner Mop X5 зеленая
383748,4026,12081,H,35,"Чай Basilur Пряный Имбирь ж/б,100гр"
425843,2261,12373,H,30,Тендер Штамп Сороколетова М.А. Printer 15
479017,3524,13184,О,72,Набор маркеров текстовыделителей KORES набор 4цв. 36040
508015,2562,13156,H,54,"Универсальный очиститель Kiehl ClaroLine Pro для ежедн уборки, кан 10 л"
536093,952,11805,С,17,Сырье д/произ-ва IN5500458 Предохранитель NH 00 100A
567181,4171,13633,H,35,"Магнит сувенирный колокол 7,5 см. Москва-Кремль фиол. ( уп. 12 шт.) 900030"
631012,926,13633,H,14,"Набор , Сок ябл 0.2,Oreo 38г, Пюре фрук. банан. 90 г"
779912,1258,11805,H,24,"xИнд.заказ 103342-38 BC02, Операционный офис Череповецкий"
801565,1804,27592,H,42,"Антисептик кожный Дезискраб голубой 1,0 л"
822292,161,11996,H,6,Неттоп ASUS VivoPC VM65N-G136Z (90MS00Q1-M01360)i3-7100U/4096/500Gb/930MW10
860870,871,11805,H,14,"Доп.заказ Кофе в зернах Danesi Doppio жесть, 2000 гр."
862615,1258,11805,H,24,"xИнд.заказ 109572-44 BC01, Аргеткина Дарина Геннадьевна"
871296,1258,11805,H,24,"xИнд.заказ 110111-22 BC01, Байдашев Егор Владимирович"
871425,2261,11805,H,30,Доп.заказ Гайка для ножки мебельной М8 (замак) BP02 ZAMA (200шт/уп)
874988,2261,13633,H,30,Фартук 64/164/112845/
957263,1094,13633,H,22,Спец.одежда летняя с лог м Л 10 син/вас 44-46/158-164 КПК 116505-44
984523,1258,11805,H,24,xИнд.заказ 117888-5 Массажер для глаз Gezatone iSee380
1039551,430,13633,H,8,"Сейф (к1) VALBERG FRS-99TKL огнестойкий, 2 ключа."
1062120,137,11996,H,6,Ноутбук Asus FX705GM i7-8750H/8G/1T+256G/17/1060 4G/W10(90NR0122-M05140)
1082908,557,13865,H,9,Уценка Радиатор масляный Polaris CR C 1125 COMPACT
1124360,1258,11805,H,24,xИнд.заказ 126316-1 Календарь квартальный индивидуальный
1166923,3536,13633,H,74,Растворитель 646 Мосхим (10л)
1176309,4677,35689,H,63,Кофемашина Franke A400 MS EC 1G 1P H1
1187815,1085,13633,И,22,Костюм рабочий зимний з39-КБР черный/васильковый (р.44-46) 182-188
1197633,2444,11805,И,50,Упак.кондит.изделий Коррекс КР-2215 (ЯП) (Т) (ПЭТ)
1214606,3894,14010,П,66,Запасная часть Передняя защитная плёнка фотобарабана Ricoh B1403099
1259339,953,11805,С,17,"Сырье д/произ-ва п/ф картон 617х310х1,5мм"
1297526,4909,28575,И,93,Датчик кислотности жидкости (Troyka-модуль)
1298125,4529,38420,П,18,Стенд  Электрическое поле в диэлектриках
1299495,3755,38981,D,87,Картон макулатурный DivoPrint 230г 720x1040 Р
1348138,5322,13633,И,5,Панель световая Frame LED 1-стор к стене А3+ (327х450) раз.пл. 297х420
1389669,4590,13633,S,22,Халат медицинский с лог жен м12-ХЛ 44-46 170-176 141005-4
1402888,2806,13130,И,63,Духовой шкаф KORTING OKB 461 CRGN электрический
1415416,4874,11805,S,10,"xИнд.заказ 142701-1 (П) Оснастка для печати круг, д40мм, R40 в боксе Colop"
99728,1224,12935,D,15,Картридж струйный HP 141 CB337HE цв. для PhSm С4283/C5283
198678,751,11999,О,11,"Разделитель листов из сер.пласт. с индексами Attache, А4,цифровой 1-31"
302689,307,13633,П,8,Мебель MON_Канц Колонка угловая УК33.9 орех
312107,2261,13633,H,30,Щетка для подметания с черенкoм 0.7 м.
330466,639,11892,H,9,"Проектор Acer P5207B, DLP, 4000лм, 10000:1, XGA, 3,3кг"
362938,2261,13633,H,30,Карта подарочная КАРУСЕЛЬ номиналом 1 000 руб /53117/
401064,622,13633,С,8,Сервис ПРАКТИК MD 1 1650 Стенка бок правая
501826,2261,13633,H,30,Тендер Ватман 610х860 А1 200г ГОЗНАК СПБ
548638,3747,14088,И,86,Картон упаковочный SIMWHITE/MB Prime FBB 230г 720х1040 Р
605815,2698,24864,H,59,Салатник Galaxy 4л пластик с крышкой ПЦ1856
633377,2095,11805,С,43,Экструз пр-во PS Пленка PS (447х350) Коричневая МФ3502301
634092,953,11805,С,17,Запчасти для складского оборудования 400320 Блок контакт.PIT esc2  1 n/c
638239,1258,11805,H,24,"xИнд.заказ 91695-2 Ежедневник Бизнес-153D Ежед., А5, 2017, Небраска т-син"
651976,299,13633,И,8,Мебель SL Imago Приставка ПР-7 белый (крем) 1440х720х22
673473,2923,13657,H,66,Принтер OKI B731dnw [45487102)]]
683153,2865,13633,H,64,"Термоэтикетки ЭКО 38x80мм, вт. 40мм. 1000 шт./рул"
684299,618,11805,С,8,Сервис MS_Grand Штанга выдвижная L=320
689803,2152,24463,H,45,"Бумага рисовая для декупажа , A3, 25г/м, Прогулка по Лондону,арт.CP01716"
750067,879,27165,H,14,Колбаса Итальянская Бахрушинъ ТД нарезка с/в 150 гр. в/у.шт
770127,1258,11805,H,24,"xИнд.заказ 102466-16 BC01, Телегина Ольга Сергеевна"
777950,1258,11805,H,24,"xИнд.заказ 103171-1 Фонарик-карабин, металл, серебро, МЕДИНА"
783430,158,12106,H,6,Монитор 21.5 BenQ GL2250(GL2250) /5 ms/DVI/black
799928,2791,11805,H,62,Доп.заказ Ковер бел. JumKids Green Grass 1.5x1.5 - круглый
805603,2934,12912,H,67,Кронштейн Hama Fullmotion H-118630 черный 32-56 макс.25кг
832231,792,13633,H,13,Сертификат-бумага с вод.знак.ПИРАМИДА А5 бел.100г/м2 250л БВ-А5-008/96021/
848998,1258,11805,H,24,xИнд.заказ 108709-2 Вымпел индивидуальный
858939,4187,13910,H,64,Ролики для касс Promega 57мм х80мм вт26мм тб 58
862820,693,11805,H,10,Тендер Штамп Pr55 ООО Адидас ТЦ Планета / 22142
891856,1258,11805,H,24,"xИнд.заказ 111345-72 BC01, Мусина Наталья Геннадьевна"
929407,3749,14088,H,86,Картон упаковочный SIMWHITE/MB Prime FBB 290г 620х870 S
950902,154,13889,И,6,ИБП Powercom Back-UPS IMP-625AP L-Interactive 625VA/375W IEC(3+2)/USB
962349,137,12935,S,6,"Ноутбук HP 17-ab407ur, 17.3, IPS, Intel Core i7 8750H 2.2ГГц (4GT40EA)"
1018855,1615,30675,П,35,"Держатель для карт Ezh (6,5 х 10,4 см) 15174"
1032930,1243,13371,П,18,"Ножницы детские Milan Return с фиксатором, цвет красный, блистер (BWM10019)"
1060297,842,31002,K,14,Творог 9% 180 г 180 гр ВкусВилл Избенка
1080091,643,12068,П,9,Увлажнитель воздуха ультразвуковой Ballu UHB-1000
1122318,4588,11805,H,41,xИнд.заказ 126035-1 Ежедневник датированный 2020 Альт Ideal New А5+ бордовы
1124268,3495,14689,H,70,Уценка Стремянка Zalger 3-ступенчатая стальная Н=108 см  (511-3) (Товар №3)
1130161,4588,11805,H,41,xИнд.заказ 126811-1 Ежедневник датированный на 2020 год Attache Сиам
1130361,303,13633,H,8,"Мебель Тумба приставная Imago Ш720хГ450хВ750, орех"
1173915,374,13633,H,8,"Мебель Диван Мичиган 005.1, темно-серый (Модерно Домино 02)"
1174909,5201,12171,И,70,Коронка BiM PROGRESSOR (64 мм) Bosch (2608594225)
1216025,3894,14010,П,66,Блок термозакрепления для китайского рынка для обслуживания в сборе Ricoh
1220433,308,13633,S,8,Шкаф для хранения документов и с нишей под принтер
1302518,2261,14441,S,30,Корзина для елки Триумф 65x28 см коричневая (Triumph Tree) 83793/1058090
1397608,1615,13633,E,35,"Держатель для карт Travels (6,5 х 10,4 см), 15536"
1411759,3785,12343,P,6,"Коммутатор CBS350 Managed 24-port GE, PoE, 4x1G SFP"
1418955,2261,13633,S,30,Осветитель кольцевой Godox LR120 LED Black
128636,4102,15152,H,34,Оперативная замена картриджа Возврат корпуса тонер-картр. XEROX WC PE220 (0
194879,2261,11805,H,30,Тендер Тонер Kyocera FS1920 TK55
252291,3625,13633,H,35,Маска для лица Гелевая косметическая маска GELEX
268031,3363,14467,U,53,Бумага KYM Lux Classic А4 Пенза Авто
300734,3809,20920,H,46,Сервисное обслуживание Ремкомплект HP LJ CB389A
356771,370,13633,H,8,Мягкая мебель R_Ва-банк сек.3х местн.к/з dol502 вишневый
405949,1577,12843,H,35,"Подставка Подставка под горячее R20 -Подарки Новогодние Подарки,20х20,"
412422,2095,11805,H,43,Сырье PS д/ф-ки 2К Пленка PS (540х400) бел С Б (д.изг. 02/08/14)
457444,2023,15146,H,42,"Пакет д/стерил.комбинир. 200 х 300 1000шт./уп.,  Клинипак"
470202,616,13633,H,8,Офисные перегородки Blitz набор перег. (0PM_103392) (E598)
482206,548,12044,H,9,"Вентилятор настольный BORK P510, 14Вт,2 скорости,нерж сталь"
530599,2119,11805,U,43,Экструз пр-во BOPS 3К Слитки ОПС (0G1)
560077,4103,15152,У,34,Заправка картриджа HP 36A CB436A (Брянск)
565864,160,12935,H,6,Системный блок HP EliteDesk 800 G2 SFF(V6K78ES) i7-6700/8GB/1TB/Win10Pr
633719,2261,11805,H,30,Доп.заказ Щетка для пола ТВИГИ кор/щет
655389,3861,11805,U,14,"Морепродукты ФРЕШ Крабовое мясо, 200 гр., VICI"
664872,3907,11860,H,6,Модуль памяти DDR3 8Gb 1866MHz AMD R738G1869S2S-UO PC3-14900 SO-DIMM 1.5В
701540,311,13633,H,8,СпецМеб 01B_F Комплект ЛДСП для СДХ-1Ольха
745919,953,11805,С,17,Запчасти для складского оборудования P+F 033486  Кабель-коннектор угловой
747029,2824,11805,H,63,Тендер Доска гладильная Ника 9
761286,2217,15088,H,46,Сервисное обслуживание Kyocera FS-3040(НС)
773582,1258,11805,H,24,"xИнд.заказ 102720-4 Ежедневник недат., кожзам, коричневый, А5, 320 стр, ПОР"
787626,3922,25619,H,14,Шоколад BUCHERON горький шок. С фундук
788210,618,11805,С,8,Сервис Mon_Эталон Горизонт  д венге 08.00045
813982,1258,11805,H,24,"xИнд.заказ 106495-5 Оснастка Colop Printer C 30, 18x47"
844585,953,11805,С,17,Запчасти для складского оборудования 0001353378 Стекло рамки 15x49 T1549V
952943,2744,13633,H,60,Смартфон OPPO F7 64GB Black /145593/
976201,4103,15152,У,34,Заправка картриджа Brother TN-1075 + флажок (Омск)
977315,2744,13560,П,60,Смартфон Motorola E5 XT1944-2 16G 2G grey LTE 2Sim 5.7 IPS 720x1440 And8.0
977921,4103,15152,У,34,Услуга. Ремонт МФУ Kyocera TA1800/2200 (УЗГА Казань)
980266,1258,11805,H,24,"xИнд.заказ 117851-1 Термос вакуумный FLASK, 500 мл синий"
993493,2721,13633,H,59,Крышка к контейнеру алюмин. 430мл (2400шт/кор)К00544/160913/
1006756,2164,13633,H,45,"Наклейки 'Пушистики', 11 ? 16 см 3028374"
1060003,620,11805,С,8,Сервис YALTA Стойка левая LT-TM вяз благородный
1061563,2232,15088,И,46,Модуль Вызывная панель ML-16HR
1098579,401,11805,С,8,Сервис VB_CH-883-LOW-V/IVORY Заглушки з/ч №3(969080)
1146347,4386,13633,S,65,"Бутылка 2000мл, с пробкой, узк/гор 28мм, прзр, 40 шт/уп(полиэтилен) 17-8703"
1146928,2784,14548,H,62,"Постельное белье 2 сп сатин 130 гр/м2 (50х70 2 шт.), Moon (741085)"
1176812,1206,14770,Л,14,Восточная сладость  Лукум сбивной с вишней 250 г
1190672,3894,13203,П,66,Направляющая выхода 303K507090 GUIDE PF
1198115,3753,37743,И,86,Картон упаковочный MEGAPACK 220г 720x800 S
1199656,2421,11805,P,50,Упак.кондит.изделий Емкость РК-1909
1207634,999,12194,P,18,"Рюкзак школьный FLY AWAY синий, 12-003-117/02"
1228352,1258,11805,S,24,"xИнд.заказ 131509-5 (П) Наклейки, 5"
1231151,5230,15076,П,70,"Фреза кромочная фигурная 32x57мм, хвостовик 12мм №8 Зубр 28719-32"
1246107,2784,36257,П,62,"Постельное белье евро поплин 120 г/м2 (70х70 2 шт.), A-161-3"
1278581,2231,15088,И,46,Вал резиновый НР LJ P2035/P2055/M401/M425/iR1133 RC1-3685 (СПБ)
1297240,635,36251,U,8,Кресло 1L5_0B3 MT_SU-B-8 сетка/ткань темно-сер/темно-сер(подл.100/осн.001)
1323806,3404,28632,И,63,Вытяжка наклонная making Oasis everywhere NP-60B (FR)
1368319,4588,11805,S,41,xИнд.заказ 139998-3 (П) Ежедневник полудатир Bruno Visconti Imperium нат.ко
1407009,5033,13633,И,42,"Склянка 30 мл тем. стекло, шир.горловина, притерт.пробка, 12шт/уп 10003305"
1421473,1026,13633,P,22,"Сабо Leon черные (мод. MED100), р. 37"
1425397,633,13633,V,8,Уценка Конференц-кресло FA_SAMBA Chrome к/з черный DO350/к/з
1426782,3791,25255,Т,6,Пигтейл Hyperline SM 9/125 (OS2) LC/UPC 1м (FPT-B9-9-LC/UR-1M-LSZH-YL)
135492,2261,11805,H,30,Доп.заказ Телефон Nokia 95 8GB black
137400,4103,15152,H,34,Заправка Тонер-картр. Panasonic KX-FA83A замена тонера (Уфа)
186154,2094,11805,H,43,"Экструз пр-во BOPS Пленка BOPS (692х250) прозрачная 1,8 ОФ"
294299,2261,13633,H,30,Комус Шанс 408_Автокормушка SH3926.
295093,1569,13633,H,35,Полотенце  Спелая вишня  (586393) 20*20 см
309606,747,12000,H,11,Папка-конверт на кнопке Attache Selection Сфера на 2 кноп. 180мкм белая
330725,1093,13633,H,22,Костюм Лига-СМ кант СОП чер.с орнж(р.48-50) 170-176
338827,2338,13633,H,35,"Литература Это ? надеваем, это ? выбрасываем!"
349151,1102,11805,H,22,Костюм муж. Лаборант ЛМС (р.48-50)170-176ЛМС
369103,4026,12971,H,35,Чай  Hilltop Шкатулка Королевские тюльпаны 4 банки+ситечк
387058,307,13633,H,8,СпецМеб С.З. MON_Монолит Шкаф 3 полки(КМ45+ДМ41)гр.арозо
409556,617,13633,С,8,Сервис SL_Born  ZIP  Фур-ра двери ДСП В510 (L/R)
443655,2261,11805,H,30,Доп.заказ Чайник нерж. 5 л.  RGS-4608 кт1128
495006,2872,13279,H,64,"Картридж к Label принтеру Leitz Icon,вырубн,бел,59х102мм,225шт 70130001"
515199,3105,14562,D,71,"Губки меламиновые Miraclean,белая,12х7,5см, 8шт, 113035"
675236,158,12106,H,6,"Монитор BENQ 21,5 GW2270(9H.LE5LB.QPE)VA/FHD/VGA/DVI_L_K"
739746,137,13284,H,6,Ноутбук Lenovo ThinkPad YOGA 370 (20JHS01400) 13/7200U/8Gb/256Gb SSD/Win10
748804,1151,13633,H,22,Спец.костюм с лог Костюм Спектр к/пк 52-54 170-176 100774-38
785917,618,11805,С,8,Сервис MON_Монолит Опора метал.правая
793477,618,11805,С,8,Сервис Mon_ Деталь№5 Стойка левая  ГМ22 ш.Темный
843741,1259,13633,H,27,"ЗЧ д/обор-я ДКУ 74 Фитинг М32х1,5 7602132221G"
854877,3040,11805,H,70,"Тендер Зажим троса двойной, оцинкован, 4мм, 50 шт, ЗУБР Мастер 4-304445-04"
887406,618,11805,С,8,Сервис ED Верона Шток эксцентрика
917594,1258,11805,H,24,"xИнд.заказ 113051-1 Календ кварт, трехбл полноцв ламин постер, Люкс"
959683,137,13284,H,6,Ноутбук Lenovo 530-14ARR (81H9000GRU) 2700U/8Gb/256Gb/14/int/W10
987556,137,12935,H,6,Ноутбук HP 17-ab306ur (2PP76EA) 7200U/6G/1T+128 G/17.3/GTX1050 2G/DVDRW
996702,693,11805,H,10,"Штамп 18х47 мм, PRINTER С 30 red, макет 24496, Ермолова О.А."
1026360,626,13633,H,8,"СпецМеб_01B_G_ Планка соединительная т-образная 28мм, алюминий"
1034413,1101,25506,H,22,"Жилет для инструмента нейлоновый,13 отделений"
1040716,295,13633,U,8,Мебель 01B_MS_Агат Приставка АЯ-27 ясень шимо
1045621,1258,11805,H,24,xИнд.заказ 121321-2 Визитки 11
1077886,137,13380,H,6,Ноутбук MSI GL73 8SDK-217RU (9S7-17C722-217) i5/16/1+128/GTX1660Ti/17.3
1096884,369,15016,H,8,Мебель Стол монтаж.Верстак ДиКом ВЛ-К-150-02 с экраном и светил. 60.01.1300
1133607,4403,13633,H,6,Шкаф настенный ЦМО (ШРН-Э-9.350) 9U 600x350мм пер.дв.стекл несъемн.бок.пан
1139926,299,13633,И,8,Мебель SL_WAVE Приставка б/опор WKD 906-1 Бук Тиара 900х600х19 б/опор
1144297,1788,13633,H,41,"Этикетки самоклеящиеся Promega label 70х42,3мм 100 л./уп эконом Авг"
1170408,4590,13633,H,22,Спец.одежда летняя с лог Костюм л10-КБР т-сер/с-сер 52-54 182-188 129346-2
1193387,310,13633,H,8,"Панель ОЦ-ПП У-3 Яч.:200х50, Д.:4.0,-3.0 мм. 1530x2500 мм. RAL 6005"
1206509,4155,36455,П,35,Игрушка мягкая Лайка 15см арт.51190
1241602,4860,14697,И,66,"Лента красящая Zebra 800033-344 цветная, 230 отп. для ZXP3"
1269037,155,13633,S,6,ИБП Ippon Smart Winner 3000 NEW 3000VA 2
1275723,191,13633,S,7,Батарея DELL 6MT4T 7.6V 62Wh 7750mAh ORIGINAL
1277556,1093,13633,H,22,Костюм женский Л10-кбр. 40-42 /170-176
1288661,3791,13633,П,6,"Патч-корд оптический LC/UPC, МM (OM4), Duplex (BZ-PC-LC/UPC-MM4-DPX-2m-3)"
1316230,3576,13633,S,8,Тележка внутрикорпусная МСК-507
1319802,2796,39063,П,62,"Скатерть на стол 670х1100х2, прямоуг, гиб.стекло, прозр(VHM-COT6711002-inv)"
1327815,2403,12627,D,45,Маркер акриловый Edding 5100/922.кругл.нак. 2-3 мм. Цвет Белый
1361683,1813,13633,W,42,Катетер периферический с доп.портом 22G Beromed 50шт/уп
1391986,4590,13633,S,22,Спец.костюм с лог Жилет сигнальный Тип1Т оранжХХL/56-58 141338-3
1411186,635,13633,S,8,Кресло руководителя UN_Helios beige
1412097,321,13633,P,8,Мебель Carre Стол рук-ля Ш200 (белое стекло оптивайт) Хром CATA200VBL
1421018,374,13633,V,8,"Уценка _Мягкая мебель EF_Евро+диван 3-х м.,тк т-сер к/з черн Ec3001"
71463,3695,13239,H,80,Дизайнерская бумага LYNEL FUR 545г 700х1000 белый медведь
194401,431,13693,О,8,"ONIX OFFICE NTL-40МE/62MЕs, мебельный, эл.+авар.ключ.з"
234826,1086,13633,H,22,Спец.одежда зимняя Костюм утепл.Коммунальщик к/пк 52-54/170-176
330759,1105,13633,H,22,Костюм для горничных и уборщиц Дарина син./вас на кноп. 60-62 (170-176)
380972,229,12000,О,7,"Салфетки Attache Selection Power универс, туба, а/бакт, 100 шт, 130х170"
510686,617,13633,С,8,Сервис Easy St Фурнитура 904240
512480,1620,15477,H,35,"Набор для праздника Дудочка 6 шт. Миньоны, 28571"
531932,2414,11805,U,50,Термоформ. пр-во Емкость Т-225ДШ (М) БЕЛАЯ (0RS)
535699,81,13633,H,5,Доска магнитно-маркерная 1-элементная 120х150 (AL.Проф.) Ф1-150 тип2
572471,2402,14970,H,45,Конструктор ГОРОД МАСТЕРОВ ПОГРУЗЧИК 70ДЕТ. KK-7507-R
603907,2233,15088,У,46,Девелопер черный Konica-Minolta bizhub C224/C284/C364/C454 (A2XN03D)
658945,306,13633,H,8,СПб Доп.заказ /23914/Угловая секц. с полкамиторц. секц. 37-35-236 черн-кор
714509,1576,11805,H,35,Доп.заказ Ключница КЛ-1 [без брелоков]
716393,1258,11805,H,24,xИнд.заказ 98730-3 Ежедневник ЕЖЕДНЕВНИК А5+ П/ДАТ. MUSTANG (КОРИЧНЕВЫЙ)
722243,3399,14875,H,63,Морозильный ларь Бирюса 260НК-5 260 л.
724361,2504,26856,H,52,Комплект Paris (Обложка на паспорт+визитница) 56136000
727929,747,11999,О,11,Папка-конверт на кнопке КНК 180 зеленый прз. 10шт/уп
752290,846,14996,H,14,Йогурт питьевой Даноне персик-кизил 270гр. ЧЛБ
752773,2529,11805,H,53,Доп.заказ Бумага IJM021 Oce Standard Paper 90гр/м2 594мм х 110м (97024717)
762892,1258,11805,H,24,"xИнд.заказ 101928-5 Флажок-полноцвет, п/э шелк, 225х150 мм"
831876,4184,11805,H,41,Тендер Этикетка 139x60 ПП (Намотка 2500шт)
841790,1583,13633,H,35,Сервиз чайный 15 предметов NEW BONE CHINA JDFN-TS15-05
861542,1780,11805,H,41,Тендер Пакет с воздушной подушкой (240x350+50) бел W6. F/16/12219 100шт/уп
877083,4103,15152,У,34,Заправка картриджа Xerox 106R01216 Y (Москва)
877557,618,11805,С,8,Сервис OL_Сигма (Арго) Стенка центральная А-012 бук
925024,2231,15088,И,46,Муфта ролика захвата из кассеты в сборе (6LE53737000 )(СПБ)
933898,160,12935,H,6,Системный блок HP 590-p0003ur (4GL58EA) G5400/8G/1T/DVDrw/ GT1030 2G/W10
946632,1258,11805,H,24,"xИнд.заказ 115372-8 Бизнес-блокнот FUNKY, формат А6, в клетку синий"
979657,2416,11805,U,50,Мех.-форм. пр-во GN Емкость Т-2512ДШ (КОРИЧНЕВАЯ) (0RM)
998798,302,13633,П,8,Мебель RIVA Тумба подкатная 3 ящика фолдинг А.ТМ-3F груша
1019964,587,13633,H,8,Жалюзи Вертикальные Елочка 1.95x1.55 /166946/
1039051,3749,14087,H,86,Картон упаковочный SIMCOTE/MB Classic FBB 250г 700х1040 S
1054282,693,11805,H,10,Штамп PRINTER R40 black макет 25399 Дзержинск для документов 1
1104306,2097,13633,H,43,Сырье ПЭТ д/ф-ки Опытпленка ПЭТ (770х200) прозрачная M
1124821,3791,30200,И,6,"Патч-корд FTP Cablexpert PP6-7.5m кат.6, 7.5м, серый"
1149412,382,13633,И,8,Многоместная секция UD_Раунд перфориров.СМ119-01 1(стул.S)синий ral 5005М
1153844,4659,13633,D,13,"Наполнитель бумажный Крафт корич пл78гр крафт офсет, уп. 100гр арт.БН-100кр"
1159352,3495,32022,H,70,Стремянка Krause STABILO 4 ступен. (124517)
1178124,2403,13633,П,45,Маркер для скетчинга набор 1/12 шт в ассортименте МС12
1183818,4590,13633,S,22,Спец.одежда летняя с лог Костюм м л20-КПК сер/крс 44-46 182-188 129897-3
1194669,4806,36246,H,55,Корм сухой NATURES TABLE взр кошки лосось 650г
1202718,2745,40515,И,60,"Гарнитура проводная Plantronics BlackWire C3225-A (стерео, jack 3.5/USB-A)"
1205525,2932,36425,П,67,Держатель в машину Wiiix HT-S3SBL
1213275,300,13633,H,8,СпецМеб 01B_G_Стол прямой 1800х700х750 бук бавария/в тон
1246574,2784,36257,П,62,"Постельное белье 1,5сп сатин 125 г/м2 (70х70 2 шт.), B-94(2)-1"
1354544,636,13633,H,8,Уценка _Стул VT_Конференц CHAIRMAN NEXX сетка/ткань черный
1374650,403,13633,И,8,Мебель для школы MET_Школа Стол 2-м 4-6 гр. р серый/серый
1406676,258,13633,S,8,Зеркало Ferro д 55 см цвет белый 82111171
213679,2261,11805,H,30,"Доп.заказ Карандаш Stabilo c ластиком, 2В"
246657,934,14652,О,15,Тонер-картридж Xerox 006R01462 жел. для WC7120
274754,2261,11805,H,30,Доп.заказ Набор для наст. тенниса LEVEL 100 [2 рак.+3мяча] (61-200)
307277,398,13633,С,8,Сервис BN_Слитные спинка/сиденье Echair-523 ML
328331,2261,11805,H,30,Доп.заказ Детектор ультрафиолетовый DORS 125 /SYS-033272
335557,398,13633,С,8,Сервис VT_Спинка 6009060
342975,635,12619,О,8,"Кресло BN_Dt_Руководителя Echair-541 TL кожа коричн., хром"
367201,618,13633,С,8,Сервис SP_ЭКО 210 099 Полка орех
717993,3979,24531,H,35,Лодка надувная Челленджер-2 68367
375765,501,13633,H,9,"Пломбиратор /54326/ Пломбиратор 1-я стор.ЕВРОСЕТЬ-РИТЕЙЛ, 2-я стор.S603"
407431,775,13633,H,13,"Новогоднее украшение подвеска Ключ , 3 варианта, 16 см, 602461"
410277,2400,13633,H,45,"Тетрадь рабочая 6-7 лет,Прописи,Буквы 20416"
411660,370,13633,H,8,Мягкая мебель С.З MV_Матрикс кресл1лев/подл(М1L-1) к/зчернOr 16
416453,2261,13633,H,30,Сервисное обслуживание Аккумулятор MacBook 13  А1342
420029,1053,14468,H,22,Респиратор Силв-Эйр UVEX 8733.210 15шт/уп
433069,2261,11805,H,30,Грабли /73090/ PALISAD веерные 22 зуба б/черенка 13699560
438328,2817,13465,H,63,Набор для шитья украшение для комнаты Праздник MeLala 55234
555162,3145,13633,H,71,"Тендер Таз ПМ 8,0л прямоуг БП408(50) /02116/"
619225,626,13633,H,8,Тендер_Шкаф распашной большой  (Л.И. Опт)
623047,1258,11805,H,24,xИнд.заказ 90332-1 Папка Папка  конверт пластиковая с кнопкой прозрачная ма
638421,3715,12373,H,82,Тендер Пленка белая глянцевая 1.26х50м Orajet 3640-10G
641794,2232,15088,H,46,Датчик Регулятор мембраны Delonghi ECAM
676000,618,11805,С,8,Сервис Ф_ДИРЕКТОР Столешница ДР-СТГ240х120-В1-35 м.орех св.
703805,2159,26056,H,45,"Бусины деревянные , WDB0170, 10x12мм, 40шт/упак, цв.микс"
722241,63,13633,H,5,Указка лазерная светодиод+ кр.лазер+ручка +КПК+детектор купюр RP-36 v_rz
742625,1199,11805,H,13,Тендер Папка д/бумаг А4 синий нат.кожа кор. 1см. Тисн. Герб РФ
765009,837,26276,H,14,Нектар Моя Семья яблоко-персик-абрикос 1 л (12 штук в упаковке) НВСБ
768266,3552,11805,H,16,Бесплатные образцы Халат муж. смесовый/у03-ХЛ синий(р.48-50) 170-176
769534,1086,13633,H,22,Спец.одежда зимняя с лог Костюм Эксперт-2011 син/орн 52-54 170-176 102410-1
803570,618,11805,С,8,Сервис AT_Easy school+Дно шкафа клен
808326,2744,14140,H,60,Смартфон Samsung Galaxy S8+ 64 Gb SM-G955FZKDSER черный бриллиан У
844271,1258,11805,H,24,xИнд.заказ 108462-1 Табличка индивидуальная
867480,1002,25461,Q,18,"Пенал б/н MagTaller, Boxi, Flowers, 20,5х14х3,5 см, 32616-18"
872868,137,11892,H,6,Ноутбук Acer Swift 3 SF315-51-55TM i5 7200U/8G/256G/15/W10(NX.GQ5ER.004)
882857,648,11999,H,10,"Дырокол Attache до 25 листов, цвет черный"
932392,4513,29860,R,45,"Набор для творчества полимерная глина LAPSI 7классических цветов,7107-08"
966812,953,11805,С,17,"Ящик п/э 600х400х300 сплошной, с крышкой, цвет в асс-те У"
968642,635,12619,H,8,"Уценка Кресло BN_Dp_Руководителя EChair-604 RT рецикл.кожа черная,01В"
1027749,1100,13633,H,22,Спец.гол.убор с лог Бейсболка Комфорт т-зел 120390-2
1071035,302,11805,S,8,Тумба мобильная RP-32 Рио Проджект (белый) 42х45х56
1103271,137,13380,H,6,Ноутбук MSI GL65 9SDK-083XRU (9S7-16U512-083) i59300H/8G/512G/15.6/6G/DOS
1143555,2644,33170,И,58,"Выключатель автоматический модул 2п C 6А 4.5кА SH202L,ABB(2CDS242001R0064)"
1143577,4590,13633,H,22,Костюм рабочий зимний с лог з03-КПК вас/син 48-50 170-176 127627-3
1198480,451,13633,И,8,"Товары для отдыха PR_Стул пластиковый Rattan 506х580х833мм,сливочный"
1203527,3901,12486,Б,6,Кулер Deepcool CK-11508 V2 Soc-1150/1151/1155/ 3-pin 25dB Al 65W 245gr Ret
1206010,2427,11805,J,50,Конт.для холод.блюд Емкость ТВ-200 (ПЭТ) (1000шт./уп)
1208742,5004,13633,П,8,Мебель Аргентум Модуль двойной универсальный НТМП.ПО.Б2-120Эграфит/бел
1234579,2739,13315,H,60,Система для видеоконференций Logitech(960-001224)  Rally Plus Ultra-HD
1240632,1258,11805,И,24,xИнд.заказ 131369-3 Набор 1
1256119,4520,13230,R,45,"Набор для творчества Выращивание кристаллов.Фигурки Снеговичок, Крф-004"
1264854,781,26973,П,13,Гирлянда светодиодный дождь 2х6м постоянное 230 В ТЕПЛЫЙ БЕЛЫЙ 1140 235-176
1265564,4075,24835,П,58,"Фонарь ручной ЯРКИЙ ЛУЧ L-3500 ENOT IPX7,акк. 26650 5000mAh,встр.ЗУ"
1270532,5260,13446,И,70,Диск пильный по дереву 305х30 мм 72T Matrix (73283)
1281613,810,41023,П,14,"Печенье Milka с молочной начинкой, частично покрытое молоч.шоколадом, 187г"
1329604,1097,13633,S,22,Полукомбинезон рабочий летний мужской  Л10 васильковый 52-54/170-176
1335323,953,11805,С,17,Сырье д/произ-ва Фольга Alufin Matt AS серебро  61смх122мх4
1354327,377,12617,И,8,Мягкая мебель MV_ERest_BAYU кресло PU Ecotex 3028 (бежевый)
151225,2261,11805,H,30,Доп.заказ Тарелка десертная ТРИАНОН
153080,2095,11805,H,43,Экструз пр-во PS Пленка PS (781х400) коричневая 4001293
161658,380,13633,H,8,Многоместная секция UD_РИМ1 3 секции КМ 5-03 черный/терракот/махагон
169319,2261,11805,H,30,Доп.заказ Эмаль ПФ-115 Virtuoso ГОСТ белая глянцевая 20 кг Ral-9010
322658,984,15461,H,18,Карандаши цветные 12 цветов Princess
368141,1255,13633,H,22,"Средство защиты рук Аквамарин, 5л."
386124,1006,14796,H,18,"Тетрадь общая 48л,клет,А5,скреп,иридиум,фольг,Динамика,5диз,7-48-257"
398800,1259,11805,С,27,Произв инвент ИЭ Шлифмашинка Makita B06040
429580,2261,13633,H,30,"Календарь настенный  Беспечная овечка  (2015), 15х35 см (арт. bov01)"
453994,868,15260,H,14,"Макароны  Макфа  Спагетти 0,4кг"
467067,1607,13994,H,35,Сумка Loopshopper M patchwork green
470203,392,13633,С,8,Сервис BN_Dt Крестовина 350мм черная
473905,300,12576,H,8,"Мебель I_Станция 2РМ(552,553,554x2)тем.д/сер (030,560) Ш1654"
492210,4017,12120,H,35,Фоторамка -маркеры Taggit 7 шт.
525263,2802,13633,H,63,Плита Электрическая IR-8120 /95547/
533401,2421,11805,U,50,Термоформ. пр-во Емкость РК-25 (Т) (КЛ) (0RH)
537337,2177,13230,H,45,Набор для творчества Сц-017 Комплект №17
602616,137,12935,H,6,Ноутбук HP Probook 430 G3(P4N83EA)13/i5-6200U/4GB/500GB/4G/W10
622535,2261,13633,H,30,Бонусная программа  26_Антистресс Футбол 6193
625643,3552,13746,H,16,ROZ Фигуры для витрин Гриззли (Лесная)
651237,2261,13709,H,30,Тендер Лампа металлогал 4200К RX7s-24 Osram
653318,2261,11805,H,30,Тендер Клещи М266F токоизмерительные цифровые Mastech
654535,2095,11805,С,43,Экструз пр-во PS Пленка PS (740х350) Зеленая МФ3502333
722435,3035,13633,H,70,Клей Моментальный LAKMAFEN UNI 2 g
764928,3176,12194,H,72,"Ручка шариковая FreshWrite. Ромашки 0,7 мм синяя 20-0214/02"
779147,301,13633,И,8,Мебель RIVA Экран А.ЭКР-3 венге цаво Ш1400
825539,3900,13051,H,6,Видеокарта Inno GTX 1060 (N1060-6DDN-N5GM)
858235,291,13633,И,8,"Мебель для дома MF_Стеллаж Рикс-4 ,дуб молочный,"
870533,1258,11805,H,24,xИнд.заказ 110078-16 Журнал индивидуальный  11
883963,3786,11805,H,6,Доп.заказ Свитч HDMI Logan Spl-04-04
886744,1825,14960,W,42,"Гель универсальный Ультрагель 5кг/бут. высокой вязкости, 4 шт/уп"
915595,2159,28688,H,45,"Набор для творчества Мозаика Троицкий Собор,lzg067"
933169,626,11805,H,8,"Мебель ВОКСТОРП Фронтальная панель ящика матовый белый, 60x40, 603.674.30"
956076,2634,13633,H,58,Коробка распределительная TYCO 100х100х50 IP54 (67050)/141984/
986423,137,11892,H,6,Ноутбук Acer SF314-55-78SP (NX.H5WER.006) i7 8565U/8Gb/512Gb/14/int/W10H
1106497,4016,27443,H,35,Свеча средняя в стеклянной банке Золотистый каштан  411 гр 1623471E
1119579,1258,11805,H,24,xИнд.заказ 125682-8 Папка бумажная вырубная
1123552,1258,11805,H,24,xИнд.заказ 126246-16 Номерки для 171 Квартал Сочи Р
1132805,1258,11805,H,24,xИнд.заказ 127130-2 Кружка Gain белый/синий
1159090,1006,14809,О,18,"Тетрадь общая А5,48л,кл,скреп,обл.офсет,бл.офсет-2 Весёлые кактусы С3614-34"
1176833,4590,13633,H,22,Трикотаж с лог Футболка 160г кор рук вас XXL 129730-4
1200262,4859,28260,П,35,Бутылка On the go 650 мл белая арт.11670111
1203639,1765,13633,S,41,"Журнал учета медицинских отходов класса Б в клинике30 л, мяг обл"
1218448,2934,13633,S,67,Кронштейн ТАНС.45.144.000(14.П2-0.2-0.35-Ф2-ц) OPORA ENGINEERING OE-06167
1234373,3111,13633,S,71,Мешок для бережной стирки белья 50смx60см ДС-87 Домашний Сундук
1262396,2231,15088,И,46,Площадка отделения Brother (торм.) в сборе ADF MFC-L2700DWR (LX9751001)
1287262,291,13633,S,8,"Шкаф напольный 400х540х850, ясень шимосветлый"
1318720,5148,29501,P,18,Модуль Звук
1371636,3747,29446,И,86,Картон упаковочный MetsaBoard Pro FBB OBAfree 230г 620х1016 S Ч
1386304,2833,14499,V,63,Уценка Кулер для воды напольный VATTEN V28WEA электронный(Товар№4)
1389345,4414,13054,Т,6,Сетевая карта (E0X95AA) Intel I210-T1
1411147,3076,13633,S,70,Муфта ПП 63 (бел) ПП040107
1413352,4590,13633,S,22,Спец.одежда летняя с лог Костюм м л20-КПК син/красн 52-54 182-188 142512-14
56071,729,13279,О,11,"Папка-регистратор Leitz 180°L-1010, 80мм черный, бум/лам.картон, карм.кор"
155859,933,12935,D,15,Картридж лазерный HP 504A CE250A чер. для LJ CP3525/CM3530
236848,1093,13633,H,22,Спец.одежда летняя Костюм летн. Челси  кур/бр(р.48-50)р.170-176
284903,632,13633,И,8,Кухня OV_Мини Ринг КМ 975 венге
289726,390,13633,С,8,Сервис UN_Конференц основа каркас метал.011060-CH
296618,2261,11805,H,30,"Доп.заказ Ковш 1.5 л, эмал., 2008/4М (185625)"
316817,1006,20913,H,18,Тетрадь 48 л А5 Ассорти 5 шт/уп на скобе СОЧИ-2014
329289,3819,14903,H,35,Сувенир наклейка Овцы
338975,2261,13633,H,30,СПб Доп.заказ /47065/ Колпачок на коннектор J-45 серый
368663,2261,11805,H,30,Тендер Штамп S 110 Склад столовая  ЛАК 2
392837,1743,12143,H,36,Вода питьевая Система питьевой воды Офисные родники (корпус белый)29
403069,2803,12461,П,63,Холодильник Daewoo FR-051AR
463915,2261,13633,H,30,"Сервисное обслуживание Xerox WC M15 ракельный нож,"
513487,325,13633,H,8,Тендер TN_Тумба-купе 1540*390*920 с оклейкой ( полки закрыт)
536609,952,11805,С,17,Сырье д/произ-ва IN6514336 1008287 Лампа LED жёлтая AC/DC24V 3SB3403-1PA
561691,2261,11805,H,30,Сервисное обслуживание Ролик захвата бумагииз кассеты Kyocera 302K906370/2K
619254,571,13633,H,9,Расходный комплект Каналы цв с покрыт. O.Channel А4 304мм 20мм син 10шт/уп
619682,1258,11805,H,24,"xИнд.заказ 89977-5 Еженедельник Еженедельник недат Bruno Visconti City, кож"
637634,3105,14561,H,71,Губка Виледа (черный образив) арт.102565/0702 р.губки 150х70мм
669388,2353,13633,H,35,Мяч резиновый 150 мм/30707/
670760,307,11805,H,8,"Доп.заказ ТАЛАНТ Шкаф для док. со стеклянными дверьми 80x45x195.5,шок"
671704,3785,12935,H,6,Коммутатор HP 1820-48G (J9981A) Switch
675471,4104,15152,H,34,Ремонт принтера Замена шестерни Samsung SCX-4200 (Омск)
696106,324,13633,H,8,Мебель Ф_ЛИДЕР Тумба моб.ЛДР-ТММ43х46/25 дуб ферр.
737505,4123,13633,H,35,Музыкальный центр ретро с пультом 98827
744023,2354,13864,H,35,Рюкзак Polar П222-05 черный
794402,2529,13633,H,53,Тендер бумага PAPERLINE IVORY 100 160г/м2А4/82250/
794620,3964,11805,H,59,"Доп.заказ Набор чайный Luminarc Quadrato, цвет: белый, 12 предметов"
816516,2261,11805,H,30,"Доп.заказ Дюбель для гипс. с насадкой/дрели,23мм,100шт,ЗУБ Мастер 4-301255"
841614,387,11805,H,8,"Тендер Порог ПО прямой открыт.крепление, серебро анод. 37x2700мм, шт 163882"
847293,1258,11805,H,24,"xИнд.заказ 108646-40 BC01, Мельник Карина Даниелова"
870803,300,13633,П,8,Мебель 01B_02M_RIVA Стол м/к левый ПЛ.СА.-3 Л серый Ш1400
882425,3900,11996,H,6,Видеокарта ASUS ROG GF GTX 1080 TI 11G Ret(ROG-STRIX-GTX1080TI-11G-GAMING)
884961,501,13633,H,9,Пломбир под пластилин с гравировкой Агроторг - N 10280/116638/
889539,1258,11805,H,24,"xИнд.заказ 111173-14 Кружка 300 мл, керамика, желтая, с ложкой,  ЛАНЧ"
892288,3175,12194,Q,72,"Ручка шариковая HappyClick Мишка на луне 0,5мм синяя 20-0241/01"
899974,1030,13633,H,22,Ботинки Лига-эконом мет нос утепл (р.36) (ВА4112муb)/(ВА4012му)/(В-ВА412му)
962420,2569,11805,H,54,Очиститель 3М для снятия клея Cleaner Spray цитрусовый (500мл) 50098
973246,577,13633,H,9,Доп.заказ Для замочных скважин ГлазокГлазок/145270/
1024872,2569,11805,H,54,Аэрозоль 3М Stainless Steel Cleaner  средство д/чистки нерж.стали (600мл)
1039810,1258,11805,H,24,xИнд.заказ 120752-7 Пакеты бумажные вырубные 360х255х100мм
1044566,4447,31485,H,9,Кнопка NOVIcam B60TL v.4260  сенсорная накладная с контактами и подсветкой
1051191,1002,12956,H,18,"Пенал Hatber Street eXtreme 190х115мм 1 отделение на молнии, NPn_66030"
1057184,302,11805,S,8,"Мебель PT_Тумба АТ-10 ясень шимо, F0000003670"
1090270,1095,13633,H,22,"Куртка мужская летняя Бавария цвет св-корич и т-корич, Р 128-132/182-188"
1107526,1258,11805,H,24,"xИнд.заказ 124707-2 Термокружка, белый металлик, Contigo West Loop"
1115090,1258,11805,H,24,"xИнд.заказ 125218-1 Кружка Best Morning c покрытием софт-тач, оранжевая"
1119539,305,12576,H,8,СпецМеб Easy St Топ к тумбе прист. 904011 сосна/сер. (112)/958917И
1130294,1258,11805,H,24,"xИнд.заказ 126711-5 Ежедневник BRAND, недатированный, синий"
1148843,137,13380,H,6,Ноутбук MSI GL65 9SCK-012RU(9S7-16U412-012)i7 9750H/8192Mb/512PCISSDGb//W10
1149477,4616,13633,H,22,Рубашка директор муж. белая с полоской 54 (164)
1170893,1020,13196,H,18,"Альбом для рисования Kroyter 30л А4,гребень,обл.имп.карт,бл.100гр 00128"
1205250,182,36413,H,6,ПО Astra Linux SE 1.6 МинОбор Смоленск+техпод Стандарт 1Y/100150116-104
1225994,1258,11805,S,24,xИнд.заказ 131326-9 (П) Визитки
1230155,2717,13633,S,59,Кастрюля алюм. 15л (Б.Калитва) 14150
1231843,5211,13412,D,70,Пилка для лобзика T118A 5шт/уп В22 HSS 76/1.1мм рез-3мм Makita A-85737
1234176,300,13633,П,8,Мебель PT Арго Стол письменный АМБ-004.60-6 бук/антр
1362631,4537,13633,S,22,"Костюм медицинский мужской белый/серый (размер 56-58,рост 182-188)"
59199,2443,13633,J,50,Упак.кондит.изделий Коррекс КР-П КОРИЧНЕВЫЙ (1000шт./уп)
199593,1031,13633,В,22,"Сапоги Марс,нат.кожа+кирза,иск.мех,ТПУ(р.42)"
373124,622,13633,С,8,Сервис ПРАКТИК AFC Ящик Держатель А4 05.02.009
376584,1192,12602,О,11,Картотека А6 на 1200 карточек 52240D
442987,2621,13633,H,58,"Удлинитель 50м, бублик, 1 розетка, ПВС 2*0.75, 230В,10 А,2300 вт."
457151,2261,13633,H,30,"Пленка /77901/ Пленка белая матовая, рулон 5 м."
506842,764,21009,H,13,Новогоднее украшение подвесн. Красный конек арт.38658
519956,3786,14350,H,6,"Маршрутизатор TP-LINK TL-WR941ND 450M (2,4ГГц,450Мбит/с,4LAN)"
520666,999,21128,H,18,Рюкзак школьный №1 School Fly ортопед. спинка
558686,86,13633,H,5,Доска пробковая 100х150 деревян. рама Комус rozn
566622,1103,13633,H,22,"Халат рабочий 87585-5 жен. смес. у03-ХЛ, вас/т-син,(р52-54,158-164)"
569543,2238,20920,H,46,Картридж струйный CANON CLI-451XL C (cyan) CLI-451XL C
606358,4104,15152,H,34,Восстанавление картриджа Panasonic KX-FAT92A <Тамбов>
606453,1095,13633,H,22,Куртка 89017-2 муж. Темп/л03-КУ син/вас (р.60-62) 182-188
623182,1252,15408,H,18,Браслет светоотражающий Гонки (87.123)
637829,2743,14686,H,60,Мобильный телефон ZTE R550 черно-голубой
698992,553,14164,H,9,Сплит-система Scarlett RRI 12-M3G8  из 2частей
720016,618,11805,С,8,Сервис ME_Стойка передняя D8M металлик
728666,2142,13633,H,45,"Набор бумаги для скрапбукинга двусторонняя, СКБ-002"
731499,3907,13164,H,6,Модуль памяти Kingston DDR-III 8GB (PC3-10600) 1333MHz CL9/KVR1333D3N9/8G
732080,2261,11805,H,30,Доп.заказ Набор косца Косарь № 6 с дер. Косавищем_
740636,5008,12223,И,64,Весы напольные PB-150 с пред.150 кг
743922,2506,14191,H,52,Портмоне Sergio Belotti 3528 ancona brown мужской
744121,160,12494,H,6,Системный блок DELL Optiplex 7050 SFF (7050-8336) i7-7700/8GB/1TB/W10Pro
750386,1258,11805,H,24,"xИнд.заказ 100780-1 Зонт-трость Зонт-трость Unit Promo, зеленый"
759626,586,13633,H,8,СПб Доп.Заказ /69170/Замок и шпингалет для двер.ЛДСП
815108,3785,11805,H,6,Доп.заказ Коммутаторы до 1000Mbps Ubiquiti UniFi Switch 16(150W) s158447
821724,4108,28073,H,76,Салатник проз.крыш ECO OpSalad 150х150х50 900мл 150шт/уп
831348,303,13633,H,8,Уценка Easy St Тумба приставная 904010 т.дуб/сер.(570)3 ящ./
893599,3494,11805,H,70,"Набор угловых шестиграников 1,5-10мм, 9 пред. S2 матер. H01SM109S 047090"
900573,994,11805,H,18,"Обложка ПВХ 240 х 345 мм, 110 мкм, для прописей Горецкого"
902090,1634,15443,H,35,"Пиратский корабль + конструктор Полесье (30 элементов, в коробке) 62246"
939480,1738,29967,H,35,Карта подарочная Читай-Город 2000р
954913,2512,13864,H,52,"Уценка Чемодан Polar салатовый  пластик ABS  малый 63,5 л Р12016"
961809,3080,11805,H,70,Труба гибкая подводка для воды 50 см 3/4 в/н
990746,3817,28695,H,35,Грунт для томатов и перцев Фаско Малышок 5л Тп0102МАЛ01
1000994,999,12194,П,18,РЮКЗАК СИНИЙ  С ЭРГОНОМИЧНОЙ СПИНКОЙ БОЖЬИ КОРОВКИ.ЦВЕТЫ 12-001-052/02
1003686,1258,11805,H,24,xИнд.заказ  119018-1 Оснастка для круглой печати COLOP R45
1022978,4700,30806,H,10,Блок для записей Я принес тебе кофеёчек и обнимашки 3860949
1025518,639,12519,H,9,Проектор Digma DiMagic Cube черный (DM001)
1072402,4669,14652,И,66,Финишер -брошюровщик Xerox BR с перфорацией (097S04982)
1115290,1728,13633,П,35,"Термостакан Gems Green Emerald, зеленый изумруд 1907.92"
1126171,4180,34690,H,51,Туалетная вода Issey Miyake L'eau D'Issey Sport pour homme edt 100 ml
1132016,160,12935,H,6,Системный блок HP ProDesk 400 [4CZ70EA] i5-8500/8Gb/256Gb DVDRW/Win10Pro
1137889,2927,12272,H,66,Принтер Canon PIXMAMP160
1166625,4590,13633,H,22,Спец.одежда летняя с лог Костюм л10-КПК т-сер/с-сер 48-50 182-188 129126-8
1169668,1022,14809,D,18,"Папка для черчения 10л,А4,160гр. с вертикальным штампом С0111 в ассорт"
1180494,3818,13268,П,35,Кашпо Кьюб Коттедж 50 Мокко с системой полива 15395
1224122,2870,12188,S,64,Принтер д/печ наклеек Brother PTE-110VP+10 допкассет с лент(PTE110VPR1BUND)
1251129,747,12000,D,11,Папка-конверт на кнопке  А4Attache Sel-on SWEET LIFEас325х215мм200мкм5шт/уп
1265969,2786,11988,И,62,Полотенце Arya Жаккард Бархатное 50X90 Sabino Зеленый500 гр/м2
1268008,2547,27528,П,54,Крем-мыло ФАВОРИТ 5 л Нейтральное
1305308,587,13633,S,8,Жалюзи горизонтальные /Белый глянец (25 мм.) 1730мм. Х560мм
1322668,4588,11805,S,41,xИнд.заказ 137251-1 (А) Блокнот индивидуальный А5
1331639,4590,13633,S,22,Костюм рабочий зимний с лог з20-КПК свзел/зел 44-46 170-176 137745-2
1421997,154,12431,V,6,Уценка ИБП CyberPower BU600E (3евро/360Вт)(Товар№3)
189439,2095,11805,H,43,Сырье PS д/ф-ки Пленка PS (510х350) белая С
324347,2261,13633,H,30,СПб Доп.заказ /43273/ Стекломой L-33 + черенок телескопический 200см
345212,158,13219,H,6,Монитор 23 LG 23EA53T 1920x1080/IPS/5ms/D-Sub/DVI-D
357480,2784,14995,H,62,"Постельное белье 2-сп. Армани, ткань поплин 100% хлопок"
357619,2261,13633,H,30,Комус Шанс 610_Чайный набор (12 предметов) IRH-309F
359884,2261,11805,H,30,Доп.заказ Котел 37л нерж.утолщ.дно сэндвич36х36см с кр. Кт418 LUXSTAHL
374926,3175,13633,H,72,"Ручка шариковая автоматическая Гранд,цв. чернил синий,цв.корпуса черный"
413787,2094,11805,H,43,"Экструз пр-во BOPS 3К Пленка BOPS (725х350) пр 1,8 ОФ Б (д.изг. 20/06/14)"
457306,2261,11805,H,30,Доп.заказ Валик маляpный 20 cм
474315,2261,11805,H,30,Доп.заказ Пяльца d - 210
485205,837,20960,H,14,"Нектар  Тамара  малина, 0,33 л, 20 шт./уп."
489540,2400,20941,H,45,"Раскраска Арт-терапия.Рисуйте,чтобы снять стресс,6929"
489541,2400,20941,H,45,"Раскраска Великолепная раскраска для девочек,5560"
497575,2549,12335,H,54,Освежитель воздуха CHIRTON Ландыш 300мл_СЦ
507431,2572,13156,H,54,"Флакон-распылитель Kiehl 500 мл., цвет зеленый (пенный распылитель)"
527233,4104,15152,H,34,Восстановление картриджа HP Q6460A <Волгоград>
628760,1885,25170,H,42,Средство д/гигиены носа Аквалор норм 125мл спрей
632591,2261,12171,H,30,"Доп.заказ Аккумулятор BOSCH S5 013 Silver Plus 600 402 083, 100е Ач'"
644320,2922,12935,П,66,МФУ HP OfficeJet 252 Mobile AiO Printer (N4L16C)A4 10стр 3in1
662994,2744,13633,H,60,Смартфон Samsung Galaxy J1 mini SM-J105 8GB (2016) золотистый v-si
673769,2454,24446,H,51,Подарочный набор мыла ручной работы Море деликатесов МН-02
719027,137,12935,H,6,Ноутбук HP Probook 440 G4(Y7Z78EA)14/i3-7100U/4Gb/500Gb/DOS/NSK
719822,2261,11805,H,30,Доп.заказ Электромегафон МЕТА _2630 c выносным микрофоном и MP3
734286,1258,11805,H,24,"xИнд.заказ 100012-5 Визитки BC04, Геранкова Анастасия Александровна"
767760,618,11805,С,8,Сервис Mon_Вектор Полка 05.00061 честерфилд тем
789911,1258,11805,H,24,xИнд.заказ 104146-4 планнинг индивидуальный 1
817922,2217,15088,H,46,Ремонт 2-й категории принтера HP 2055 ч/б(ВР)
839496,3794,11805,H,70,"Доп.заказ Дюбель универсальный 6x52 тип U, борт (1000 шт)"
871768,2331,27443,H,35,Аромадиффузор с палочками 88 мл Розовые пески 1348803E
873575,520,12453,H,9,"Уценка. Детектор банкнот (валют) DORS 210 Compact автомат, RUB уц_тех"
884220,1077,13633,H,22,Каска 3М PELTOR G3000 /115874/
899448,137,12935,H,6,Ноутбук HP 250G6(2SX59EA)15/N4200/4G/500G/DVD/Int/DOS
900338,2672,15152,О,59,"Стакан одноразовый 100мл Комус, для хол/гор., ПП 100шт/уп"
953897,1258,11805,H,24,"xИнд.заказ 116170-2 Ежедневник New Brand, недатированный, синий"
955501,2261,11805,H,30,Доп.заказ 80
983807,309,13633,U,8,Мебель 0K3_SL Simple Дверь высокая SD-5BR правая дуб сонома
1008173,3106,30812,D,71,Совок HACCPER ручной 9101 G зеленый
1069216,1258,11805,H,24,"xИнд.заказ 122563-4 Визитки, Без разновидностей"
1082253,1592,32242,D,35,Набор стопок Барокко 60мл 6шт/уп арт.837
1095997,3475,13633,H,68,Кронштейн ТВ4 транспортный (с металлической защелкой для ОП-4) (d = 150 мм)
1104540,728,15152,H,11,Папка-регистратор Комус Стандарт 50мм бирюзовая_Т
1107234,1560,26754,H,35,Светильник Ким 2xE27x60Вт натуральный 240-71-22
1109318,3490,12194,H,70,"Нож канцелярский 18 мм Bruno Visconti UNICUT, резиновое покрытие"
1123219,4590,13633,H,22,Костюм рабочий зимний с лог з12-КПК син/вас 44-46 158-164 126082-4
1183238,3522,12627,D,72,"Маркер перманентный EDDING 2000C/6 оранжевый 1,5-3мм металл.корп"
1206754,3614,14196,И,9,"Фильтр угольный Sharp FZD60DFE,для модели KCD61R"
1237916,2826,14225,П,63,Утюг Sinbo SSI 6619 2400Вт фиолетовый/белый Екат
1265627,300,13633,H,8,"СпецМеб 1L5_ПОН Стол компьютерн,800x500x750,ЛДСП 25мм,т-вишня"
1278935,4590,13633,S,22,Трикотаж с лог Футболка 160г кор рук вас XXXL 132944-8
1286027,137,11996,H,6,Ноутбук ASUS X712FB 17.3/i3-10110U/4Gb/512Gb/2Gb/W10 (90NB0L41-M04720)
1304831,4590,13633,S,22,Спец.одежда зимняя с лог Куртка ж зим з10-КУ 60-62 170-176 135512-5
1307896,501,13633,S,9,Пломбир п/пластилин d25мм с гравировкой Кассир2 ТК-82
1323228,4590,13633,S,22,Спец.одежда зимняя с лог Куртка з32-КУ син/вас оксф 56-58 182-188 137177-10
1361365,5238,32434,И,70,Отвертка c трехкомп. рукояткой РZ1х38 мм Дело Техники 723012
1371149,2745,13086,H,60,Гарнитура Jabra EVOLVE 65 MS Stereo // [6599-823-309
1359493,3176,12194,L,72,"Набор шариковых ручек HappyWrite.Джинса/Шокол.серд.0.5мм,син,20-0215/1415"
1371992,1258,11805,S,24,xИнд.заказ 140180-1 (П) Визитки 11
1399102,332,13633,S,8,Полка яруса MS Pro 80х30 4шт./уп
1243145,3866,14480,H,61,"Уценка Светильник Uniel TLD-512 серебро, LED, сенсорный"
1275886,634,13633,V,8,"Уценка 01В Кресло UP_EChair-203 PTW net ткань черная, сетка оранжевая, хром"
1307280,3791,25255,P,6,Патч-корд Hyperline PC-LPM-UTP-RJ45-RJ45-C5e-0.5M-LSZH-BL Cat.5e 0.5м
1330048,1224,12653,И,15,Картридж Epson T6162 C13T616200 голубой для B300/B500
1366537,1094,13633,И,22,Спец.одежда летняя Костюм муж. л23-КПК  сер/красн р.60-62/182-188 ЧЛБ
1410220,3748,29446,И,86,Картон упаковочный MetsaBoard Pro FBB OBAfree роль 230г ф.894 вт.153
1411587,761,13633,P,13,Ель комнатная Нордман 240 см 156-334
1422669,3176,13633,Т,72,Ручка шариковая Dolce Costo прозр.корп синяя 1мм
